MetaUniqueID_From,BehaviorForSymbology,Habitat,SiteLocation,Lat,Lon,MinNumIndividuals,Radius,Connections.From.Nesting.Site,Connections.to.Foraging,Basin,RMU_From,MetaUniqueID_To,BehaviorForSymbology,Habitat,SiteLocation,Lat,Lon,MinNumIndividuals,Radius,Connections.From.Nesting.Site,Site,Connections.to.Foraging,Basin,RMU_To,Lat1,Lon1,Lat2,Lon2,Distance
METACHMY_AJ,NES,Island,"Sham Wan, Lamma Island, Hong Kong;Hong Kong;Dangan Liedao & Po Toi, China",22.17625001,114.18,30,1,NA,6,PAC,6,METACHMY_AE,NES,Island,"Wan-an Island, Taiwan;Wan-an Island, Penghu Archipelago, Taiwan;Wan-an Island, Penghu Archipelago, Taiwan Strait;Penghu Island, Taiwan",23.27225022,119.3512509,22,1,NA,1,6,PAC,6,0.387048578,1.99281694,0.406177391,2.083072295,544.1641337
METACHMY_HB,OBS,Coastal,"Shanwei, China",22.505,116.031,6,1,1,NA,PAC,6,METACHMY_AE,NES,Island,"Wan-an Island, Taiwan;Wan-an Island, Penghu Archipelago, Taiwan;Wan-an Island, Penghu Archipelago, Taiwan Strait;Penghu Island, Taiwan",23.27225022,119.3512509,22,1,NA,1,6,PAC,6,0.392786348,2.025122984,0.406177391,2.083072295,350.6514148
METACHMY_AI,NES,Island,"Gibbs Cay, Turks & Caicos Islands;Waters of Turks & Caicos Islands;North of East Caicos, Turks & Caicos Islands",21.67500021,-71.37500021,24,1,NA,2,ATL,1,METACHMY_AH,NES,Island,Barbuda,17.6,-61.7,1,1,NA,1,1,ATL,1,0.378300119,-1.245728757,0.307177948,-1.076868148,1109.547785
METACHMY_AH,NES,Island,Barbuda,17.6,-61.7,1,1,NA,1,ATL,1,METACHMY_AI,NES,Island,"Gibbs Cay, Turks & Caicos Islands;Waters of Turks & Caicos Islands;North of East Caicos, Turks & Caicos Islands",21.67500021,-71.37500021,24,1,NA,1,2,ATL,1,0.307177948,-1.076868148,0.378300119,-1.245728757,1109.547785
METACHMY_AE,NES,Island,"Wan-an Island, Taiwan;Wan-an Island, Penghu Archipelago, Taiwan;Wan-an Island, Penghu Archipelago, Taiwan Strait;Penghu Island, Taiwan",23.27225022,119.3512509,22,1,NA,6,PAC,6,METACHMY_AJ,NES,Island,"Sham Wan, Lamma Island, Hong Kong;Hong Kong;Dangan Liedao & Po Toi, China",22.17625001,114.18,30,1,NA,1,6,PAC,6,0.406177391,2.083072295,0.387048578,1.99281694,544.1641337
METACHMY_CT,OBS,Coastal,"Mouth of Maroni River;Guyana;Cayenne, French Guiana;Oyapock river estuary, between French Guiana & Brazil;Northwest to mouth of the Amazon River, Brazil",4.82409853,-53.25723037,22,5,2,NA,ATL,1,METACHMY_AS,NES,Continental,"Awala-Yalimapo, Amana Nature Reserve, French Guiana;Galibi Nature Reserve, Suriname;Amana Nature Reserve, French Guiana;Awala-Yalimapo & Galibi Nature Reserves, French Guiana & Suriname;Guianese coast;Mouth of Maroni River;Waters between French Guiana & Suriname",5.686555679,-53.77378016,1181,1,NA,1,2,ATL,1;2,0.084196403,-0.92951402,0.09924912,-0.938529515,111.6616533
METACHMY_GY,FEE,Coastal,"Abu Ghusun, Wadi Gemal National Park, Egypt",24.457,35.215,1,1,1,NA,IND,4,METACHMY_AU,NES,Continental,"Ras Al Baridi, Red Sea;South of Yanbu, Saudi Arabia",23.955,37.678,11,1,NA,1,1,IND,4,0.426855175,0.614617696,0.418093622,0.657605156,255.9498912
METACHMY_CG,FEE,Coastal,"Tortuguero, Costa Rica;Nicaragua;Merilin Bar, Nicaragua;Panama;The Witties, Nicaragua;Miskito Cays, Nicaragua;Dead Man's Cay, Nicaragua;Secretary, Chiriqui Lagoon, Ngobe-Bugle Comarca, Panama;Zapatilla Cay, Panama",12.16898833,-82.34521866,4474,5,2,2,ATL,1,METACHMY_AV,NES,Continental,"Tortuguero, Costa Rica;Costa Rica;Waters around Tortuguero, Costa Rica",10.25399986,-83.23399996,47338,1,NA,1,13,ATL,1,0.212388913,-1.437195189,0.178966059,-1.452707349,233.9635112
METACHMY_DW,OBS,Insular,West of Madagascar;Southeast of Europa Is,-22.8025,42.7235,3,1,1,NA,IND,5,METACHMY_BF,NES,Island,"Europa Island, southern Mozambique Channel;Europa;Southeast of Europa Is",-22.4207499,40.5989961,19,1,NA,1,1,IND,5,-0.397978703,0.745665743,-0.391315907,0.708586155,222.1657942
METACHMY_BH,NES,Island,"Merir Island, Palau",4.313,132.314,73,1,NA,2,PAC,8,METACHMY_BI,NES,Island,"Palau main Is;Aimeliik State, Palau;Ngardmau Channel, Palau",7.519666653,134.5473333,5,1,NA,1,2,PAC,8,0.075276051,2.309314946,0.131242942,2.348293966,433.7480028
METACHMY_BJ,NES,Island,"Gielop Island, Ulithi Atoll, Yap State, Federated States of Micronesia;Gielop Island, Ilithi Atoll, Yap State, Micronesia",9.955,139.7865,14,1,NA,8,PAC,8,METACHMY_BI,NES,Island,"Palau main Is;Aimeliik State, Palau;Ngardmau Channel, Palau",7.519666653,134.5473333,5,1,NA,1,2,PAC,8,0.173747527,2.439734675,0.131242942,2.348293966,636.2602024
METACHMY_DO,NA,NA,NA,32.35,-64.71,NA,NA,NA,NA,NA,1,METACHMY_BK,NES,Continental,"Quintana Roo, Mexico",20.68,-86.89,1,1,NA,1,1,ATL,1,0.564614013,-1.129402559,0.360934089,-1.516516587,2786.850343
METACHMY_BM,NES,Island,"Sabah Park, Malaysia;Sandakan, Malaysia",6.154,118.0485,5,1,NA,1,PAC,6,METACHMY_BL,NES,Island,"Derawan Island, East Kalimantan, Indonesia;Sangalaki, Indonesia;Derawan, Indonesia;Panjang Island, East Kalimantan, Indonesia",2.005199631,118.4636001,226,1,NA,1,2,PAC,6,0.107407562,2.060335002,0.034997336,2.067579866,463.6162349
METACHMY_BN,NES,Island,"Phillippines;Southern side of Basilan Island, Philippines",6.3785,121.965,6,1,NA,1,PAC,6,METACHMY_BL,NES,Island,"Derawan Island, East Kalimantan, Indonesia;Sangalaki, Indonesia;Derawan, Indonesia;Panjang Island, East Kalimantan, Indonesia",2.005199631,118.4636001,226,1,NA,1,2,PAC,6,0.111325826,2.128690822,0.034997336,2.067579866,622.23488
METACHMY_BO,NES,Continental,"Terengganu, Malaysia;Chagar Hutang beach, Pulau Redang, Malaysia;Chagar Hutang beach, Redang Island, Malaysia;Ma'Daerah Turtle Sanctuary, Paka, Terengganu, Malaysia;Ma'Daerah Turtle Sanctuary;Paka, Terengganu, Malaysia",5.023852832,103.2935716,13,1,NA,8,PAC,6,METACHMY_BL,NES,Island,"Derawan Island, East Kalimantan, Indonesia;Sangalaki, Indonesia;Derawan, Indonesia;Panjang Island, East Kalimantan, Indonesia",2.005199631,118.4636001,226,1,NA,1,2,PAC,6,0.087682773,1.802812921,0.034997336,2.067579866,1716.579089
METACHMY_BL,NES,Island,"Derawan Island, East Kalimantan, Indonesia;Sangalaki, Indonesia;Derawan, Indonesia;Panjang Island, East Kalimantan, Indonesia",2.005199631,118.4636001,226,1,NA,2,PAC,6,METACHMY_BN,NES,Island,"Phillippines;Southern side of Basilan Island, Philippines",6.3785,121.965,6,1,NA,1,1,PAC,6;8,0.034997336,2.067579866,0.111325826,2.128690822,622.23488
METACHMY_GS,NA,NA,NA,3.283,103.433,NA,NA,NA,NA,NA,6,METACHMY_BO,NES,Continental,"Terengganu, Malaysia;Chagar Hutang beach, Pulau Redang, Malaysia;Chagar Hutang beach, Redang Island, Malaysia;Ma'Daerah Turtle Sanctuary, Paka, Terengganu, Malaysia;Ma'Daerah Turtle Sanctuary;Paka, Terengganu, Malaysia",5.023852832,103.2935716,13,1,NA,1,8,PAC,6,0.057299159,1.805246405,0.087682773,1.802812921,194.1938724
METACHMY_BW,NES,Island,"Itsamia Beach, Moheli Is;Mahali, Comoros, West Indian Ocean",-12.363,43.7095,2,1,NA,1,IND,5,METACHMY_BS,NES,Island,"Vamizi Island, Querimbas archipelago, northern Mozambique;Mozambique",-11.26666534,40.63966667,56,1,NA,1,4,IND,5,-0.215775055,0.762874689,-0.196640406,0.70929599,355.6561199
METACHMY_AV,NES,Continental,"Tortuguero, Costa Rica;Costa Rica;Waters around Tortuguero, Costa Rica",10.25399986,-83.23399996,47338,1,NA,13,ATL,1,METACHMY_BT,NES,Island,"St Eustatius, Caribbean;St. Kitts & St. Nevis",17.46800001,-62.90200004,27,1,NA,1,1,ATL,1,0.178966059,-1.452707349,0.304874114,-1.097847007,2334.718652
METACHMY_GR,NA,NA,NA,-12.909,41.84,NA,NA,NA,NA,NA,5,METACHMY_BW,NES,Island,"Itsamia Beach, Moheli Is;Mahali, Comoros, West Indian Ocean",-12.363,43.7095,2,1,NA,1,1,IND,5,-0.225304553,0.730245759,-0.215775055,0.762874689,216.5632514
METACHMY_CF,FEE,Coastal,"East Gulf of Mexico;Folrida Waters;Southeast Gulf of Mexico;St. Joseph's Bay, Florida;Near Everglades National Park;West of Cape Sable;Cape Canaveral, Patrick, Florida;East Florida;North coast of Cuba;Southeast Florida;Boca Raton, Florida;West of Longboat Key, Florida;South of Biscayne National Park",27.32750841,-83.10989568,83,5,2,3,ATL,1,METACHMY_BZ,NES,Island,Keewaydin Island and Sanibel Island,26.218,-81.945,10,1,NA,1,1,ATL,1,0.476954998,-1.450541321,0.457590423,-1.430210056,169.0960546
METACHMY_CS,NA,NA,NA,28.975,-113.53,NA,NA,NA,NA,NA,11,METACHMY_CA,NES,Continental,"Michoacan beaches, Mexico",18.523,-103.69,3,1,NA,1,1,PAC,11,0.505709151,-1.9814723,0.323287337,-1.809731901,1596.218199
METACHMY_DZ,NA,NA,NA,-21.135,55.525,NA,NA,NA,NA,NA,5,METACHMY_CD,NES,Island,"Tromelin Island, West Indian Ocean;Offshore Tromelin Island, West Indian Ocean",-15.721,54.665,2,1,NA,1,1,IND,5,-0.368875337,0.969094067,-0.274383212,0.954084236,609.5571171
METACHMY_AY,NES,Island,"Lacepede Is;West & Lacepede Islands, Western Australia",-16.85,122.1173333,11,1,NA,6,IND,6,METACHMY_CE,FEE,Insular,"Coastal Raine Island;North of Cape York,Australia;Torres Strait;Torres Straight, Australia;Torres Strait, Australia",-10.39138906,142.4845648,12,5,2,1,NA,PAC,6;7,-0.294087979,2.13134954,-0.181363953,2.486824789,2313.313986
METACHMY_AZ,NES,Island,Maret Is,-14.483,125.097,21,1,NA,6,IND,6,METACHMY_CE,FEE,Insular,"Coastal Raine Island;North of Cape York,Australia;Torres Strait;Torres Straight, Australia;Torres Strait, Australia",-10.39138906,142.4845648,12,5,2,1,NA,PAC,6;7,-0.252776036,2.183354534,-0.181363953,2.486824789,1941.303408
METACHMY_AO,NA,NA,NA,24.673,-82.825,NA,NA,NA,NA,NA,1,METACHMY_CF,FEE,Coastal,"East Gulf of Mexico;Folrida Waters;Southeast Gulf of Mexico;St. Joseph's Bay, Florida;Near Everglades National Park;West of Cape Sable;Cape Canaveral, Patrick, Florida;East Florida;North coast of Cuba;Southeast Florida;Boca Raton, Florida;West of Longboat Key, Florida;South of Biscayne National Park",27.32750841,-83.10989568,83,5,2,1,3,ATL,1,0.430625086,-1.445568953,0.476954998,-1.450541321,296.8629753
METACHMY_AV,NES,Continental,"Tortuguero, Costa Rica;Costa Rica;Waters around Tortuguero, Costa Rica",10.25399986,-83.23399996,47338,1,NA,13,ATL,1,METACHMY_CF,FEE,Coastal,"East Gulf of Mexico;Folrida Waters;Southeast Gulf of Mexico;St. Joseph's Bay, Florida;Near Everglades National Park;West of Cape Sable;Cape Canaveral, Patrick, Florida;East Florida;North coast of Cuba;Southeast Florida;Boca Raton, Florida;West of Longboat Key, Florida;South of Biscayne National Park",27.32750841,-83.10989568,83,5,2,1,3,ATL,1,0.178966059,-1.452707349,0.476954998,-1.450541321,1898.532031
METACHMY_BZ,NES,Island,Keewaydin Island and Sanibel Island,26.218,-81.945,10,1,NA,1,ATL,1,METACHMY_CF,FEE,Coastal,"East Gulf of Mexico;Folrida Waters;Southeast Gulf of Mexico;St. Joseph's Bay, Florida;Near Everglades National Park;West of Cape Sable;Cape Canaveral, Patrick, Florida;East Florida;North coast of Cuba;Southeast Florida;Boca Raton, Florida;West of Longboat Key, Florida;South of Biscayne National Park",27.32750841,-83.10989568,83,5,2,1,3,ATL,1,0.457590423,-1.430210056,0.476954998,-1.450541321,169.0960546
METACHMY_DO,NA,NA,NA,32.35,-64.71,NA,NA,NA,NA,NA,1,METACHMY_CF,FEE,Coastal,"East Gulf of Mexico;Folrida Waters;Southeast Gulf of Mexico;St. Joseph's Bay, Florida;Near Everglades National Park;West of Cape Sable;Cape Canaveral, Patrick, Florida;East Florida;North coast of Cuba;Southeast Florida;Boca Raton, Florida;West of Longboat Key, Florida;South of Biscayne National Park",27.32750841,-83.10989568,83,5,2,1,3,ATL,1,0.564614013,-1.129402559,0.476954998,-1.450541321,2120.827408
METACHMY_DS,NA,NA,NA,28.5,-92,NA,NA,NA,NA,NA,1,METACHMY_CF,FEE,Coastal,"East Gulf of Mexico;Folrida Waters;Southeast Gulf of Mexico;St. Joseph's Bay, Florida;Near Everglades National Park;West of Cape Sable;Cape Canaveral, Patrick, Florida;East Florida;North coast of Cuba;Southeast Florida;Boca Raton, Florida;West of Longboat Key, Florida;South of Biscayne National Park",27.32750841,-83.10989568,83,5,2,1,3,ATL,1,0.497418837,-1.605702912,0.476954998,-1.450541321,997.0948397
METACHMY_AV,NES,Continental,"Tortuguero, Costa Rica;Costa Rica;Waters around Tortuguero, Costa Rica",10.25399986,-83.23399996,47338,1,NA,13,ATL,1,METACHMY_CG,FEE,Coastal,"Tortuguero, Costa Rica;Nicaragua;Merilin Bar, Nicaragua;Panama;The Witties, Nicaragua;Miskito Cays, Nicaragua;Dead Man's Cay, Nicaragua;Secretary, Chiriqui Lagoon, Ngobe-Bugle Comarca, Panama;Zapatilla Cay, Panama",12.16898833,-82.34521866,4474,5,2,1,2,ATL,1,0.178966059,-1.452707349,0.212388913,-1.437195189,233.9635112
METACHMY_BU,NES,Island,"Playa Chikitu, Bonaire;Southwest coast of Bonaire",12.1075,-68.2425,4,1,NA,4,ATL,1,METACHMY_CG,FEE,Coastal,"Tortuguero, Costa Rica;Nicaragua;Merilin Bar, Nicaragua;Panama;The Witties, Nicaragua;Miskito Cays, Nicaragua;Dead Man's Cay, Nicaragua;Secretary, Chiriqui Lagoon, Ngobe-Bugle Comarca, Panama;Zapatilla Cay, Panama",12.16898833,-82.34521866,4474,5,2,1,2,ATL,1,0.211315739,-1.191056315,0.212388913,-1.437195189,1532.934842
METACHMY_CH,FEE,Coastal,"Brazilian bulge;Shores of Ceara & Paraiba States, Brazil;Brazil;Easternmost part of Brazilian bulge;Coastal Natal & Recife, Brazil;East of Brazilian Bulge;Brazilian coast;East Brazil;Coast of Ceara, Brazil;East of Brazil;Almofala waters, Ceara, Brazil;Atol das Rocas, offshore Brazil;Coast between Piaui & Ceara, Brazil;Southeast Brazilian coast;Fernando de Noronha",-5.215614447,-36.1234621,46,10,4,1,ATL,1,METACHMY_CG,FEE,Coastal,"Tortuguero, Costa Rica;Nicaragua;Merilin Bar, Nicaragua;Panama;The Witties, Nicaragua;Miskito Cays, Nicaragua;Dead Man's Cay, Nicaragua;Secretary, Chiriqui Lagoon, Ngobe-Bugle Comarca, Panama;Zapatilla Cay, Panama",12.16898833,-82.34521866,4474,5,2,1,2,ATL,1,-0.091029645,-0.630473351,0.212388913,-1.437195189,5462.876054
METACHMY_DO,NA,NA,NA,32.35,-64.71,NA,NA,NA,NA,NA,1,METACHMY_CG,FEE,Coastal,"Tortuguero, Costa Rica;Nicaragua;Merilin Bar, Nicaragua;Panama;The Witties, Nicaragua;Miskito Cays, Nicaragua;Dead Man's Cay, Nicaragua;Secretary, Chiriqui Lagoon, Ngobe-Bugle Comarca, Panama;Zapatilla Cay, Panama",12.16898833,-82.34521866,4474,5,2,1,2,ATL,1,0.564614013,-1.129402559,0.212388913,-1.437195189,2980.094919
METACHMY_AG,NES,Island,"Long Beach, Georgetown, Ascension Island;Ascension Island;Long Beach, Ascension Island;Deadman's Beach, Ascension Island;English Bay, Ascension Island;Pan Am Beach, Ascension Island;Payne Point, Ascension Island;Long beach, Ascention Island",-7.925833333,-14.40375,63,1,NA,3,ATL,2,METACHMY_CH,FEE,Coastal,"Brazilian bulge;Shores of Ceara & Paraiba States, Brazil;Brazil;Easternmost part of Brazilian bulge;Coastal Natal & Recife, Brazil;East of Brazilian Bulge;Brazilian coast;East Brazil;Coast of Ceara, Brazil;East of Brazil;Almofala waters, Ceara, Brazil;Atol das Rocas, offshore Brazil;Coast between Piaui & Ceara, Brazil;Southeast Brazilian coast;Fernando de Noronha",-5.215614447,-36.1234621,46,10,4,1,1,ATL,1;2,-0.138331888,-0.251392862,-0.091029645,-0.630473351,2417.689509
METACHMY_AS,NES,Continental,"Awala-Yalimapo, Amana Nature Reserve, French Guiana;Galibi Nature Reserve, Suriname;Amana Nature Reserve, French Guiana;Awala-Yalimapo & Galibi Nature Reserves, French Guiana & Suriname;Guianese coast;Mouth of Maroni River;Waters between French Guiana & Suriname",5.686555679,-53.77378016,1181,1,NA,2,ATL,1,METACHMY_CH,FEE,Coastal,"Brazilian bulge;Shores of Ceara & Paraiba States, Brazil;Brazil;Easternmost part of Brazilian bulge;Coastal Natal & Recife, Brazil;East of Brazilian Bulge;Brazilian coast;East Brazil;Coast of Ceara, Brazil;East of Brazil;Almofala waters, Ceara, Brazil;Atol das Rocas, offshore Brazil;Coast between Piaui & Ceara, Brazil;Southeast Brazilian coast;Fernando de Noronha",-5.215614447,-36.1234621,46,10,4,1,1,ATL,1;2,0.09924912,-0.938529515,-0.091029645,-0.630473351,2304.295072
METACHMY_AV,NES,Continental,"Tortuguero, Costa Rica;Costa Rica;Waters around Tortuguero, Costa Rica",10.25399986,-83.23399996,47338,1,NA,13,ATL,1,METACHMY_CH,FEE,Coastal,"Brazilian bulge;Shores of Ceara & Paraiba States, Brazil;Brazil;Easternmost part of Brazilian bulge;Coastal Natal & Recife, Brazil;East of Brazilian Bulge;Brazilian coast;East Brazil;Coast of Ceara, Brazil;East of Brazil;Almofala waters, Ceara, Brazil;Atol das Rocas, offshore Brazil;Coast between Piaui & Ceara, Brazil;Southeast Brazilian coast;Fernando de Noronha",-5.215614447,-36.1234621,46,10,4,1,1,ATL,1;2,0.178966059,-1.452707349,-0.091029645,-0.630473351,5493.13927
METACHMY_BQ,NES,Island,"Joao Vieira & Poilao National Marine Park, Bijagos Archipelago, Guinea-Bissau;Poilao Island, Bijagos;Bijagos archipelago, West Africa",10.76099998,-15.5103332,35,1,NA,4,ATL,1,METACHMY_CH,FEE,Coastal,"Brazilian bulge;Shores of Ceara & Paraiba States, Brazil;Brazil;Easternmost part of Brazilian bulge;Coastal Natal & Recife, Brazil;East of Brazilian Bulge;Brazilian coast;East Brazil;Coast of Ceara, Brazil;East of Brazil;Almofala waters, Ceara, Brazil;Atol das Rocas, offshore Brazil;Coast between Piaui & Ceara, Brazil;Southeast Brazilian coast;Fernando de Noronha",-5.215614447,-36.1234621,46,10,4,1,1,ATL,1;2,0.18781488,-0.270706382,-0.091029645,-0.630473351,2891.8643
METACHMY_FT,OBS,Insular,Mid-Atlantic,-9,-25,2,5,1,NA,ATL,1,METACHMY_CH,FEE,Coastal,"Brazilian bulge;Shores of Ceara & Paraiba States, Brazil;Brazil;Easternmost part of Brazilian bulge;Coastal Natal & Recife, Brazil;East of Brazilian Bulge;Brazilian coast;East Brazil;Coast of Ceara, Brazil;East of Brazil;Almofala waters, Ceara, Brazil;Atol das Rocas, offshore Brazil;Coast between Piaui & Ceara, Brazil;Southeast Brazilian coast;Fernando de Noronha",-5.215614447,-36.1234621,46,10,4,1,1,ATL,1;2,-0.157079633,-0.436332313,-0.091029645,-0.630473351,1297.251139
METACHMY_AV,NES,Continental,"Tortuguero, Costa Rica;Costa Rica;Waters around Tortuguero, Costa Rica",10.25399986,-83.23399996,47338,1,NA,13,ATL,1,METACHMY_CI,FEE,Insular,"Cuba;South Coast of Cuba;Jardines de la Reina, Cuba;Jamaica;Bimini, Bahamas",21.57667058,-79.68367271,115,5,2,1,1,ATL,1,0.178966059,-1.452707349,0.376583943,-1.390742449,1314.794079
METACHMY_BU,NES,Island,"Playa Chikitu, Bonaire;Southwest coast of Bonaire",12.1075,-68.2425,4,1,NA,4,ATL,1,METACHMY_CI,FEE,Insular,"Cuba;South Coast of Cuba;Jardines de la Reina, Cuba;Jamaica;Bimini, Bahamas",21.57667058,-79.68367271,115,5,2,1,1,ATL,1,0.211315739,-1.191056315,0.376583943,-1.390742449,1608.275715
METACHMY_DO,NA,NA,NA,32.35,-64.71,NA,NA,NA,NA,NA,1,METACHMY_CI,FEE,Insular,"Cuba;South Coast of Cuba;Jardines de la Reina, Cuba;Jamaica;Bimini, Bahamas",21.57667058,-79.68367271,115,5,2,1,1,ATL,1,0.564614013,-1.129402559,0.376583943,-1.390742449,2051.163663
METACHMY_AV,NES,Continental,"Tortuguero, Costa Rica;Costa Rica;Waters around Tortuguero, Costa Rica",10.25399986,-83.23399996,47338,1,NA,13,ATL,1,METACHMY_CJ,FEE,Coastal,"Honduras;Belize;South of Belize City, Belize;Cajones Cays, Honduras;Guatemala;Waters between Belize & Mexico",16.8807901,-86.87416243,83,5,2,1,NA,ATL,1,0.178966059,-1.452707349,0.294625368,-1.516240169,835.2158684
METACHMY_BU,NES,Island,"Playa Chikitu, Bonaire;Southwest coast of Bonaire",12.1075,-68.2425,4,1,NA,4,ATL,1,METACHMY_CJ,FEE,Coastal,"Honduras;Belize;South of Belize City, Belize;Cajones Cays, Honduras;Guatemala;Waters between Belize & Mexico",16.8807901,-86.87416243,83,5,2,1,NA,ATL,1,0.211315739,-1.191056315,0.294625368,-1.516240169,2073.629786
METACHMY_AL,NES,Continental,"Guanacaste Peninsula, Costa Rica;Nombre de Jesus, Costa Rica;Nombre de Jesus & Zapotillal beaches, Costa Rica;Zapotillal beach, Nicoya Peninsula, Costa Rica;Nombre de Jesus beach, Nicoya Peninsula, Costa Rica;Gulf of Santa Elena, Northern Costa Rica;Gulf of Papagayo, Costa Rica",10.55189962,-85.87519997,213,1,NA,2,PAC,11,METACHMY_CK,FEE,Coastal,"Southwest off Costa Rica;Gulf of Fonseca, Nicaragua;Waters off northern Nicaragua;Gulf of Chiriqui, Panama",10.66676862,-86.25929871,6,5,2,1,NA,PAC,11,0.184165391,-1.498804985,0.186170233,-1.505508773,43.87985772
METACHMY_AM,NES,Island,"Galapagos Islands, Ecuador",-0.5,-90.5,12,1,NA,5,PAC,11,METACHMY_CK,FEE,Coastal,"Southwest off Costa Rica;Gulf of Fonseca, Nicaragua;Waters off northern Nicaragua;Gulf of Chiriqui, Panama",10.66676862,-86.25929871,6,5,2,1,NA,PAC,11,-0.008726646,-1.579522973,0.186170233,-1.505508773,1327.283462
METACHMY_AK,NES,Island,"Alagadi beach, Cyprus;Alagadi & Esentepe, Cyprus;Alagadi, Cyprus;Alagadi & Esentape beachs, Cyprus;Alagadi, North Cyprus;Karpaz Peninsula, Cyprus;South Cyprus;Kurtulus, Turkey",35.44489789,33.66959978,82,1,NA,6,ATL,3,METACHMY_CL,FEE,Coastal,"Coast of Manavgat& Alanya, Turkey;Gulf of Antalya;Antalya, Turkey;Turkish coastal waters;Antalya Bay, Turkey;Episkopi Bay;Erdemli;South Cyprus;Tripoli, Lebanon;Mediterranean Sea",35.6258789,32.19529346,14,5,2,1,NA,ATL,1,0.618630171,0.587645374,0.621788886,0.561913875,134.9114934
METACHMY_AP,NES,Continental,"Yumurtalik, Turkey;Akyatan Beach, Province Adana, Turkey",36.63,35.46,10,1,NA,2,ATL,3,METACHMY_CL,FEE,Coastal,"Coast of Manavgat& Alanya, Turkey;Gulf of Antalya;Antalya, Turkey;Turkish coastal waters;Antalya Bay, Turkey;Episkopi Bay;Erdemli;South Cyprus;Tripoli, Lebanon;Mediterranean Sea",35.6258789,32.19529346,14,5,2,1,NA,ATL,1,0.639314105,0.618893753,0.621788886,0.561913875,313.7282669
METACHMY_AD,NES,Island,"Taipin Tao, Nansha Archipelago, South China Sea",10.377,114.366,6,1,NA,2,PAC,6,METACHMY_CO,FEE,Coastal,"South China Sea, North of Borneo;North Borneo near Labuan, Malaysia;Northwest coast of Sabah, East Malaysia;Sabah, Borneo Malaysia;Bugsuk Island, Philippines;South of Palawan Island;Palawan Island, Phillipines;East Sabah, Malaysia facing Sulu Sea;Pulau Bumbum, Malaysia;Banggi Island, Malaysia",6.783270563,116.8517861,15,5,4,1,1,PAC,6,0.181112816,1.996063252,0.118390405,2.039448404,484.1048205
METACHMY_BL,NES,Island,"Derawan Island, East Kalimantan, Indonesia;Sangalaki, Indonesia;Derawan, Indonesia;Panjang Island, East Kalimantan, Indonesia",2.005199631,118.4636001,226,1,NA,2,PAC,6,METACHMY_CO,FEE,Coastal,"South China Sea, North of Borneo;North Borneo near Labuan, Malaysia;Northwest coast of Sabah, East Malaysia;Sabah, Borneo Malaysia;Bugsuk Island, Philippines;South of Palawan Island;Palawan Island, Phillipines;East Sabah, Malaysia facing Sulu Sea;Pulau Bumbum, Malaysia;Banggi Island, Malaysia",6.783270563,116.8517861,15,5,4,1,1,PAC,6,0.034997336,2.067579866,0.118390405,2.039448404,560.5275556
METACHMY_BO,NES,Continental,"Terengganu, Malaysia;Chagar Hutang beach, Pulau Redang, Malaysia;Chagar Hutang beach, Redang Island, Malaysia;Ma'Daerah Turtle Sanctuary, Paka, Terengganu, Malaysia;Ma'Daerah Turtle Sanctuary;Paka, Terengganu, Malaysia",5.023852832,103.2935716,13,1,NA,8,PAC,6,METACHMY_CO,FEE,Coastal,"South China Sea, North of Borneo;North Borneo near Labuan, Malaysia;Northwest coast of Sabah, East Malaysia;Sabah, Borneo Malaysia;Bugsuk Island, Philippines;South of Palawan Island;Palawan Island, Phillipines;East Sabah, Malaysia facing Sulu Sea;Pulau Bumbum, Malaysia;Banggi Island, Malaysia",6.783270563,116.8517861,15,5,4,1,1,PAC,6,0.087682773,1.802812921,0.118390405,2.039448404,1512.219306
METACHMY_BY,NES,Continental,Bangkok,12.364,100.86,6,1,NA,2,PAC,6,METACHMY_CO,FEE,Coastal,"South China Sea, North of Borneo;North Borneo near Labuan, Malaysia;Northwest coast of Sabah, East Malaysia;Sabah, Borneo Malaysia;Bugsuk Island, Philippines;South of Palawan Island;Palawan Island, Phillipines;East Sabah, Malaysia facing Sulu Sea;Pulau Bumbum, Malaysia;Banggi Island, Malaysia",6.783270563,116.8517861,15,5,4,1,1,PAC,6,0.215792509,1.760339084,0.118390405,2.039448404,1859.1485
METACHMY_EF,FEE,Insular,"Pratas Islands;Dongsha Atoll, Taiwan",20.516,116.7915,4,1,2,1,PAC,6,METACHMY_CO,FEE,Coastal,"South China Sea, North of Borneo;North Borneo near Labuan, Malaysia;Northwest coast of Sabah, East Malaysia;Sabah, Borneo Malaysia;Bugsuk Island, Philippines;South of Palawan Island;Palawan Island, Phillipines;East Sabah, Malaysia facing Sulu Sea;Pulau Bumbum, Malaysia;Banggi Island, Malaysia",6.783270563,116.8517861,15,5,4,1,1,PAC,6,0.358071749,2.038396213,0.118390405,2.039448404,1527.023659
METACHMY_AE,NES,Island,"Wan-an Island, Taiwan;Wan-an Island, Penghu Archipelago, Taiwan;Wan-an Island, Penghu Archipelago, Taiwan Strait;Penghu Island, Taiwan",23.27225022,119.3512509,22,1,NA,6,PAC,6,METACHMY_CP,FEE,Coastal,"Hainan Island, China;Hai'an Bay, China;North of Hainan;Wanning, Hainan Island, China;Dao Bach Long Vi, Vietnam;Coral reef of the Hainan Dao, Mainland China;Dao Bach Long;Yangjiang, China;Ly Son, Vietnam",19.58847013,109.8267204,10,5,4,1,NA,PAC,6,0.406177391,2.083072295,0.341883299,1.916837878,1067.198043
METACHMY_AJ,NES,Island,"Sham Wan, Lamma Island, Hong Kong;Hong Kong;Dangan Liedao & Po Toi, China",22.17625001,114.18,30,1,NA,6,PAC,6,METACHMY_CP,FEE,Coastal,"Hainan Island, China;Hai'an Bay, China;North of Hainan;Wanning, Hainan Island, China;Dao Bach Long Vi, Vietnam;Coral reef of the Hainan Dao, Mainland China;Dao Bach Long;Yangjiang, China;Ly Son, Vietnam",19.58847013,109.8267204,10,5,4,1,NA,PAC,6,0.387048578,1.99281694,0.341883299,1.916837878,535.9864825
METACHMY_BO,NES,Continental,"Terengganu, Malaysia;Chagar Hutang beach, Pulau Redang, Malaysia;Chagar Hutang beach, Redang Island, Malaysia;Ma'Daerah Turtle Sanctuary, Paka, Terengganu, Malaysia;Ma'Daerah Turtle Sanctuary;Paka, Terengganu, Malaysia",5.023852832,103.2935716,13,1,NA,8,PAC,6,METACHMY_CP,FEE,Coastal,"Hainan Island, China;Hai'an Bay, China;North of Hainan;Wanning, Hainan Island, China;Dao Bach Long Vi, Vietnam;Coral reef of the Hainan Dao, Mainland China;Dao Bach Long;Yangjiang, China;Ly Son, Vietnam",19.58847013,109.8267204,10,5,4,1,NA,PAC,6,0.087682773,1.802812921,0.341883299,1.916837878,1767.327873
METACHMY_CC,NES,Island,South Taiwan,22.316,120.464,6,1,NA,2,PAC,6,METACHMY_CP,FEE,Coastal,"Hainan Island, China;Hai'an Bay, China;North of Hainan;Wanning, Hainan Island, China;Dao Bach Long Vi, Vietnam;Coral reef of the Hainan Dao, Mainland China;Dao Bach Long;Yangjiang, China;Ly Son, Vietnam",19.58847013,109.8267204,10,5,4,1,NA,PAC,6,0.389487676,2.10249343,0.341883299,1.916837878,1145.141428
METACHMY_AV,NES,Continental,"Tortuguero, Costa Rica;Costa Rica;Waters around Tortuguero, Costa Rica",10.25399986,-83.23399996,47338,1,NA,13,ATL,1,METACHMY_CQ,OBS,Coastal,Mexico;Southwest Gulf of Mexico;Northwest corner of Yucatan peninsula,21.92266026,-89.5078337,41,5,1,1,1,ATL,1,0.178966059,-1.452707349,0.382622602,-1.562206404,1459.731213
METACHMY_DS,NA,NA,NA,28.5,-92,NA,NA,NA,NA,NA,1,METACHMY_CQ,OBS,Coastal,Mexico;Southwest Gulf of Mexico;Northwest corner of Yucatan peninsula,21.92266026,-89.5078337,41,5,1,1,1,ATL,1,0.497418837,-1.605702912,0.382622602,-1.562206404,782.1066619
METACHMY_AK,NES,Island,"Alagadi beach, Cyprus;Alagadi & Esentepe, Cyprus;Alagadi, Cyprus;Alagadi & Esentape beachs, Cyprus;Alagadi, North Cyprus;Karpaz Peninsula, Cyprus;South Cyprus;Kurtulus, Turkey",35.44489789,33.66959978,82,1,NA,6,ATL,3,METACHMY_CR,FEE,Coastal,"North African coast;Gulf of Sidra, Libya;Coast of Libya;Gulf of Bomba, Libya;Gulf of Bomba;West of Sirte, Libya;Gulf of Sirte, Libya;North east of Libya;Gulf of Salum;Bay of As-Sallum, Egypt;Gulf of Sirte",32.10366628,21.344822,36,5,4,1,1,ATL,1,0.618630171,0.587645374,0.560314679,0.372537422,1197.214301
METACHMY_AP,NES,Continental,"Yumurtalik, Turkey;Akyatan Beach, Province Adana, Turkey",36.63,35.46,10,1,NA,2,ATL,3,METACHMY_CR,FEE,Coastal,"North African coast;Gulf of Sidra, Libya;Coast of Libya;Gulf of Bomba, Libya;Gulf of Bomba;West of Sirte, Libya;Gulf of Sirte, Libya;North east of Libya;Gulf of Salum;Bay of As-Sallum, Egypt;Gulf of Sirte",32.10366628,21.344822,36,5,4,1,1,ATL,1,0.639314105,0.618893753,0.560314679,0.372537422,1388.154885
METACHMY_AQ,NES,Continental,"Gdor Nature Reserve, Sharon & Ashkelon National Park, Israel;Israel",32.2255,34.4945,5,1,NA,2,ATL,3,METACHMY_CR,FEE,Coastal,"North African coast;Gulf of Sidra, Libya;Coast of Libya;Gulf of Bomba, Libya;Gulf of Bomba;West of Sirte, Libya;Gulf of Sirte, Libya;North east of Libya;Gulf of Salum;Bay of As-Sallum, Egypt;Gulf of Sirte",32.10366628,21.344822,36,5,4,1,1,ATL,1,0.562441078,0.602042599,0.560314679,0.372537422,1237.067026
METACHMY_AR,NES,Continental,"Latakia, Syria",35.476,35.7815,1,1,NA,1,ATL,3,METACHMY_CR,FEE,Coastal,"North African coast;Gulf of Sidra, Libya;Coast of Libya;Gulf of Bomba, Libya;Gulf of Bomba;West of Sirte, Libya;Gulf of Sirte, Libya;North east of Libya;Gulf of Salum;Bay of As-Sallum, Egypt;Gulf of Sirte",32.10366628,21.344822,36,5,4,1,1,ATL,1,0.619173005,0.624504986,0.560314679,0.372537422,1384.332767
METACHMY_CL,FEE,Coastal,"Coast of Manavgat& Alanya, Turkey;Gulf of Antalya;Antalya, Turkey;Turkish coastal waters;Antalya Bay, Turkey;Episkopi Bay;Erdemli;South Cyprus;Tripoli, Lebanon;Mediterranean Sea",35.6258789,32.19529346,14,5,2,NA,ATL,1,METACHMY_CR,FEE,Coastal,"North African coast;Gulf of Sidra, Libya;Coast of Libya;Gulf of Bomba, Libya;Gulf of Bomba;West of Sirte, Libya;Gulf of Sirte, Libya;North east of Libya;Gulf of Salum;Bay of As-Sallum, Egypt;Gulf of Sirte",32.10366628,21.344822,36,5,4,1,1,ATL,1,0.621788886,0.561913875,0.560314679,0.372537422,1074.892286
METACHMY_AS,NES,Continental,"Awala-Yalimapo, Amana Nature Reserve, French Guiana;Galibi Nature Reserve, Suriname;Amana Nature Reserve, French Guiana;Awala-Yalimapo & Galibi Nature Reserves, French Guiana & Suriname;Guianese coast;Mouth of Maroni River;Waters between French Guiana & Suriname",5.686555679,-53.77378016,1181,1,NA,2,ATL,1,METACHMY_CT,OBS,Coastal,"Mouth of Maroni River;Guyana;Cayenne, French Guiana;Oyapock river estuary, between French Guiana & Brazil;Northwest to mouth of the Amazon River, Brazil",4.82409853,-53.25723037,22,5,2,1,NA,ATL,1;2,0.09924912,-0.938529515,0.084196403,-0.92951402,111.6616533
METACHMY_AV,NES,Continental,"Tortuguero, Costa Rica;Costa Rica;Waters around Tortuguero, Costa Rica",10.25399986,-83.23399996,47338,1,NA,13,ATL,1,METACHMY_CT,OBS,Coastal,"Mouth of Maroni River;Guyana;Cayenne, French Guiana;Oyapock river estuary, between French Guiana & Brazil;Northwest to mouth of the Amazon River, Brazil",4.82409853,-53.25723037,22,5,2,1,NA,ATL,1;2,0.178966059,-1.452707349,0.084196403,-0.92951402,3357.214693
METACHMY_CF,FEE,Coastal,"East Gulf of Mexico;Folrida Waters;Southeast Gulf of Mexico;St. Joseph's Bay, Florida;Near Everglades National Park;West of Cape Sable;Cape Canaveral, Patrick, Florida;East Florida;North coast of Cuba;Southeast Florida;Boca Raton, Florida;West of Longboat Key, Florida;South of Biscayne National Park",27.32750841,-83.10989568,83,5,2,3,ATL,1,METACHMY_CU,FEE,Coastal,"North Sargasso Sea;St. Helena Sound, South Carolina;Pamlico Sound inshore waters, North Carolina;Pamlico Sound, North Carolina;Cape Lookout Shoals, North Carolina;Lower White Oak River near Swansboro, North Carolina;Charleston, South Carolina;Lower Cape Fear River basin, North Carolina",34.05460913,-76.85602406,51,5,NA,1,2,ATL,1,0.476954998,-1.450541321,0.594365055,-1.34139067,957.1800385
METACHMY_DO,NA,NA,NA,32.35,-64.71,NA,NA,NA,NA,NA,1,METACHMY_CU,FEE,Coastal,"North Sargasso Sea;St. Helena Sound, South Carolina;Pamlico Sound inshore waters, North Carolina;Pamlico Sound, North Carolina;Cape Lookout Shoals, North Carolina;Lower White Oak River near Swansboro, North Carolina;Charleston, South Carolina;Lower Cape Fear River basin, North Carolina",34.05460913,-76.85602406,51,5,NA,1,2,ATL,1,0.564614013,-1.129402559,0.594365055,-1.34139067,1363.811977
METACHMY_AV,NES,Continental,"Tortuguero, Costa Rica;Costa Rica;Waters around Tortuguero, Costa Rica",10.25399986,-83.23399996,47338,1,NA,13,ATL,1,METACHMY_CV,FEE,Insular,"Dominican Republic;East tip of Cuba;El Macao, Dominican Republic;Puerto Rico",18.98118204,-69.54306492,11,5,2,1,1,ATL,1,0.178966059,-1.452707349,0.331284123,-1.213755455,1762.377114
METACHMY_BT,NES,Island,"St Eustatius, Caribbean;St. Kitts & St. Nevis",17.46800001,-62.90200004,27,1,NA,1,ATL,1,METACHMY_CV,FEE,Insular,"Dominican Republic;East tip of Cuba;El Macao, Dominican Republic;Puerto Rico",18.98118204,-69.54306492,11,5,2,1,1,ATL,1,0.304874114,-1.097847007,0.331284123,-1.213755455,721.2457999
METACHMY_DO,NA,NA,NA,32.35,-64.71,NA,NA,NA,NA,NA,1,METACHMY_CV,FEE,Insular,"Dominican Republic;East tip of Cuba;El Macao, Dominican Republic;Puerto Rico",18.98118204,-69.54306492,11,5,2,1,1,ATL,1,0.564614013,-1.129402559,0.331284123,-1.213755455,1580.704657
METACHMY_AC,NES,Island,"Huyong Island, Thailand;Huyong, Siliman Islands, Thailand;South west of Thailand;Phangnga Province, Thailand;Northwest of Puhuket;Phura Thong Island, Thailand;Phuket, Thailand;West of Ko Ra Is, Thailand",8.598100235,97.9434998,98,1,NA,2,IND,6,METACHMY_CW,OBS,Insular,"Andaman Islands;Andaman Islands, India;Rutland Island, Andaman Islands, India",11.12201426,93.09466227,5,5,1,1,NA,IND,6,0.150065159,1.709436552,0.194115768,1.624808373,600.7356793
METACHMY_AV,NES,Continental,"Tortuguero, Costa Rica;Costa Rica;Waters around Tortuguero, Costa Rica",10.25399986,-83.23399996,47338,1,NA,13,ATL,1,METACHMY_CY,OBS,Coastal,Colombia;Panama,10.45000217,-75.87325429,75,5,1,1,2,ATL,1,0.178966059,-1.452707349,0.182386945,-1.324238102,805.4312733
METACHMY_CG,FEE,Coastal,"Tortuguero, Costa Rica;Nicaragua;Merilin Bar, Nicaragua;Panama;The Witties, Nicaragua;Miskito Cays, Nicaragua;Dead Man's Cay, Nicaragua;Secretary, Chiriqui Lagoon, Ngobe-Bugle Comarca, Panama;Zapatilla Cay, Panama",12.16898833,-82.34521866,4474,5,2,2,ATL,1,METACHMY_CY,OBS,Coastal,Colombia;Panama,10.45000217,-75.87325429,75,5,1,1,2,ATL,1,0.212388913,-1.437195189,0.182386945,-1.324238102,731.0617264
METACHMY_DO,NA,NA,NA,32.35,-64.71,NA,NA,NA,NA,NA,1,METACHMY_CY,OBS,Coastal,Colombia;Panama,10.45000217,-75.87325429,75,5,1,1,2,ATL,1,0.564614013,-1.129402559,0.182386945,-1.324238102,2733.28835
METACHMY_DE,NA,NA,NA,39.333,141.933,NA,NA,NA,NA,NA,8,METACHMY_CZ,FEE,Insular,"Northwest off Ogasawara Islands, Japan;West of Chichijima Island, Japan;Chichijima & Ogasawara Islands, Japan;Hahajima & Ogasawara Islands, Japan;Izu-Oshima Island, Japan;Izu Islands, Japan;Kushimoto, Wakayama Prefecture, Japan",30.54592784,139.8805771,10,5,NA,1,1,PAC,6;8,0.686490355,2.477198167,0.533127014,2.44137663,1003.376814
METACHMY_AE,NES,Island,"Wan-an Island, Taiwan;Wan-an Island, Penghu Archipelago, Taiwan;Wan-an Island, Penghu Archipelago, Taiwan Strait;Penghu Island, Taiwan",23.27225022,119.3512509,22,1,NA,6,PAC,6,METACHMY_DA,FEE,Insular,"Ryukyu-Islands, Japan;Coral reef of Taipei, Taiwan;Ishigaki-shima, Ryukyu Archipelago, Japan;Coastal Chunan County, Taiwan;North Taiwan;East of Taiwan;Okinawa, Japan;Between Fuzhou &Wenzhou",25.31911518,123.2718419,11,5,3,1,1,PAC,6;8,0.406177391,2.083072295,0.441901924,2.151499516,457.8684254
METACHMY_BJ,NES,Island,"Gielop Island, Ulithi Atoll, Yap State, Federated States of Micronesia;Gielop Island, Ilithi Atoll, Yap State, Micronesia",9.955,139.7865,14,1,NA,8,PAC,8,METACHMY_DA,FEE,Insular,"Ryukyu-Islands, Japan;Coral reef of Taipei, Taiwan;Ishigaki-shima, Ryukyu Archipelago, Japan;Coastal Chunan County, Taiwan;North Taiwan;East of Taiwan;Okinawa, Japan;Between Fuzhou &Wenzhou",25.31911518,123.2718419,11,5,3,1,1,PAC,6;8,0.173747527,2.439734675,0.441901924,2.151499516,2440.347157
METACHMY_CC,NES,Island,South Taiwan,22.316,120.464,6,1,NA,2,PAC,6,METACHMY_DA,FEE,Insular,"Ryukyu-Islands, Japan;Coral reef of Taipei, Taiwan;Ishigaki-shima, Ryukyu Archipelago, Japan;Coastal Chunan County, Taiwan;North Taiwan;East of Taiwan;Okinawa, Japan;Between Fuzhou &Wenzhou",25.31911518,123.2718419,11,5,3,1,1,PAC,6;8,0.389487676,2.10249343,0.441901924,2.151499516,439.3872394
METACHMY_HB,OBS,Coastal,"Shanwei, China",22.505,116.031,6,1,1,NA,PAC,6,METACHMY_DA,FEE,Insular,"Ryukyu-Islands, Japan;Coral reef of Taipei, Taiwan;Ishigaki-shima, Ryukyu Archipelago, Japan;Coastal Chunan County, Taiwan;North Taiwan;East of Taiwan;Okinawa, Japan;Between Fuzhou &Wenzhou",25.31911518,123.2718419,11,5,3,1,1,PAC,6;8,0.392786348,2.025122984,0.441901924,2.151499516,799.6101916
METACHMY_AC,NES,Island,"Huyong Island, Thailand;Huyong, Siliman Islands, Thailand;South west of Thailand;Phangnga Province, Thailand;Northwest of Puhuket;Phura Thong Island, Thailand;Phuket, Thailand;West of Ko Ra Is, Thailand",8.598100235,97.9434998,98,1,NA,2,IND,6,METACHMY_DB,FEE,Coastal,"Near Ko He Island, Thiland;West of Ko Libong Is, Thailand",7.475,98.8,2,1,1,1,NA,IND,6,0.150065159,1.709436552,0.130463362,1.724385301,156.4881927
METACHMY_BC,NES,Island,"French Frigate Shoals, Hawaii",23.761,-166.157,2,1,NA,1,PAC,9,METACHMY_DC,FEE,Insular,"Waiale, Oahu;Barber's Point, Oahu;Kaneohe Bay, Oahu, Hawaii",21.32466664,-157.8923333,4,1,1,1,1,PAC,9,0.414707684,-2.899986725,0.372185645,-2.75574108,890.7616613
METACHMY_ES,OBS,Insular,Southwest of Hawaii,18.1,-160.2,1,1,NA,1,PAC,9,METACHMY_DC,FEE,Insular,"Waiale, Oahu;Barber's Point, Oahu;Kaneohe Bay, Oahu, Hawaii",21.32466664,-157.8923333,4,1,1,1,1,PAC,9,0.315904595,-2.796017462,0.372185645,-2.75574108,432.3201048
METACHMY_AK,NES,Island,"Alagadi beach, Cyprus;Alagadi & Esentepe, Cyprus;Alagadi, Cyprus;Alagadi & Esentape beachs, Cyprus;Alagadi, North Cyprus;Karpaz Peninsula, Cyprus;South Cyprus;Kurtulus, Turkey",35.44489789,33.66959978,82,1,NA,6,ATL,3,METACHMY_DD,FEE,Coastal,"Lake Bardawil;North east of Egypt;Lake Bardawil, Egypt",31.24149995,33.1705,25,1,2,1,NA,ATL,1,0.618630171,0.587645374,0.545267037,0.57893444,469.6879149
METACHMY_AQ,NES,Continental,"Gdor Nature Reserve, Sharon & Ashkelon National Park, Israel;Israel",32.2255,34.4945,5,1,NA,2,ATL,3,METACHMY_DD,FEE,Coastal,"Lake Bardawil;North east of Egypt;Lake Bardawil, Egypt",31.24149995,33.1705,25,1,2,1,NA,ATL,1,0.562441078,0.602042599,0.545267037,0.57893444,166.280118
METACHMY_AK,NES,Island,"Alagadi beach, Cyprus;Alagadi & Esentepe, Cyprus;Alagadi, Cyprus;Alagadi & Esentape beachs, Cyprus;Alagadi, North Cyprus;Karpaz Peninsula, Cyprus;South Cyprus;Kurtulus, Turkey",35.44489789,33.66959978,82,1,NA,6,ATL,3,METACHMY_DG,FEE,Coastal,"Gulf of Sirte, West Libya",31.559,15.741,6,1,1,1,NA,ATL,1,0.618630171,0.587645374,0.550808459,0.274732278,1714.881426
METACHMY_AK,NES,Island,"Alagadi beach, Cyprus;Alagadi & Esentepe, Cyprus;Alagadi, Cyprus;Alagadi & Esentape beachs, Cyprus;Alagadi, North Cyprus;Karpaz Peninsula, Cyprus;South Cyprus;Kurtulus, Turkey",35.44489789,33.66959978,82,1,NA,6,ATL,3,METACHMY_DH,FEE,Coastal,"Libya & Tunisia border;West Libya & Tunisia border;Gulf of Boughrara, Tunisia",33.31566653,11.34933496,5,1,1,1,1,ATL,1,0.618630171,0.587645374,0.581468073,0.198083263,2057.544026
METACHMY_CR,FEE,Coastal,"North African coast;Gulf of Sidra, Libya;Coast of Libya;Gulf of Bomba, Libya;Gulf of Bomba;West of Sirte, Libya;Gulf of Sirte, Libya;North east of Libya;Gulf of Salum;Bay of As-Sallum, Egypt;Gulf of Sirte",32.10366628,21.344822,36,5,4,1,ATL,1,METACHMY_DH,FEE,Coastal,"Libya & Tunisia border;West Libya & Tunisia border;Gulf of Boughrara, Tunisia",33.31566653,11.34933496,5,1,1,1,1,ATL,1,0.560314679,0.372537422,0.581468073,0.198083263,944.4722418
METACHMY_AV,NES,Continental,"Tortuguero, Costa Rica;Costa Rica;Waters around Tortuguero, Costa Rica",10.25399986,-83.23399996,47338,1,NA,13,ATL,1,METACHMY_DI,OBS,Insular,St. Lucia;Martinique;St. Lucia & Grenada,13.80000133,-61.09666667,4,1,1,1,1,ATL,1,0.178966059,-1.452707349,0.24085546,-1.066337995,2438.518293
METACHMY_DO,NA,NA,NA,32.35,-64.71,NA,NA,NA,NA,NA,1,METACHMY_DI,OBS,Insular,St. Lucia;Martinique;St. Lucia & Grenada,13.80000133,-61.09666667,4,1,1,1,1,ATL,1,0.564614013,-1.129402559,0.24085546,-1.066337995,2101.432991
METACHMY_AV,NES,Continental,"Tortuguero, Costa Rica;Costa Rica;Waters around Tortuguero, Costa Rica",10.25399986,-83.23399996,47338,1,NA,13,ATL,1,METACHMY_DJ,FEE,Coastal,"Venezuela;Guajira Peninsula, Venezuelan;Los Roques Archipelago, Venezuela",11.30433456,-68.3005507,37,5,2,1,1,ATL,1,0.178966059,-1.452707349,0.197297858,-1.192069491,1635.212608
METACHMY_BU,NES,Island,"Playa Chikitu, Bonaire;Southwest coast of Bonaire",12.1075,-68.2425,4,1,NA,4,ATL,1,METACHMY_DJ,FEE,Coastal,"Venezuela;Guajira Peninsula, Venezuelan;Los Roques Archipelago, Venezuela",11.30433456,-68.3005507,37,5,2,1,1,ATL,1,0.211315739,-1.191056315,0.197297858,-1.192069491,89.5313095
METACHMY_DO,NA,NA,NA,32.35,-64.71,NA,NA,NA,NA,NA,1,METACHMY_DJ,FEE,Coastal,"Venezuela;Guajira Peninsula, Venezuelan;Los Roques Archipelago, Venezuela",11.30433456,-68.3005507,37,5,2,1,1,ATL,1,0.564614013,-1.129402559,0.197297858,-1.192069491,2373.984569
METACHMY_AW,NES,Island,"Rosemary Is, Legendre Is, Middle Is, Barrow Is, Montebello Is;",-20.501,116.093,36,1,NA,6,IND,6,METACHMY_DK,FEE,Insular,Buccaneer;Adele Island;Montgomery Reef,-15.8710002,123.629331,5,1,3,1,NA,IND,6,-0.35780995,2.026205089,-0.277001209,2.157738878,947.8126782
METACHMY_AY,NES,Island,"Lacepede Is;West & Lacepede Islands, Western Australia",-16.85,122.1173333,11,1,NA,6,IND,6,METACHMY_DK,FEE,Insular,Buccaneer;Adele Island;Montgomery Reef,-15.8710002,123.629331,5,1,3,1,NA,IND,6,-0.294087979,2.13134954,-0.277001209,2.157738878,194.6105979
METACHMY_AZ,NES,Island,Maret Is,-14.483,125.097,21,1,NA,6,IND,6,METACHMY_DK,FEE,Insular,Buccaneer;Adele Island;Montgomery Reef,-15.8710002,123.629331,5,1,3,1,NA,IND,6,-0.252776036,2.183354534,-0.277001209,2.157738878,220.5147191
METACHMY_AW,NES,Island,"Rosemary Is, Legendre Is, Middle Is, Barrow Is, Montebello Is;",-20.501,116.093,36,1,NA,6,IND,6,METACHMY_DL,FEE,Insular,"Tiwi & Cobourg;Blue Mud Bay, Gulf of Carpentaria, Australia;Aru Islands, West Papau, Indonesia",-9.875438419,134.378957,17,5,7,1,NA,PAC,6;7,-0.35780995,2.026205089,-0.172358915,2.345355245,2287.080004
METACHMY_AY,NES,Island,"Lacepede Is;West & Lacepede Islands, Western Australia",-16.85,122.1173333,11,1,NA,6,IND,6,METACHMY_DL,FEE,Insular,"Tiwi & Cobourg;Blue Mud Bay, Gulf of Carpentaria, Australia;Aru Islands, West Papau, Indonesia",-9.875438419,134.378957,17,5,7,1,NA,PAC,6;7,-0.294087979,2.13134954,-0.172358915,2.345355245,1535.643234
METACHMY_AZ,NES,Island,Maret Is,-14.483,125.097,21,1,NA,6,IND,6,METACHMY_DL,FEE,Insular,"Tiwi & Cobourg;Blue Mud Bay, Gulf of Carpentaria, Australia;Aru Islands, West Papau, Indonesia",-9.875438419,134.378957,17,5,7,1,NA,PAC,6;7,-0.252776036,2.183354534,-0.172358915,2.345355245,1131.192416
METACHMY_BA,NES,Island,Scott Reef,-14.06,121.78,15,1,NA,4,IND,6,METACHMY_DL,FEE,Insular,"Tiwi & Cobourg;Blue Mud Bay, Gulf of Carpentaria, Australia;Aru Islands, West Papau, Indonesia",-9.875438419,134.378957,17,5,7,1,NA,PAC,6;7,-0.245393293,2.125461963,-0.172358915,2.345355245,1446.884124
METACHMY_BE,NES,Continental,"Djulpan, Gulf of Carpentaria, Australia",-12.583,136.733,20,1,NA,5,PAC,7,METACHMY_DL,FEE,Insular,"Tiwi & Cobourg;Blue Mud Bay, Gulf of Carpentaria, Australia;Aru Islands, West Papau, Indonesia",-9.875438419,134.378957,17,5,7,1,NA,PAC,6;7,-0.21961478,2.386441046,-0.172358915,2.345355245,395.6590992
METACHMY_BG,NES,Island,"Helen Island, Palau",2.95,131.809,237,1,NA,3,PAC,8,METACHMY_DL,FEE,Insular,"Tiwi & Cobourg;Blue Mud Bay, Gulf of Carpentaria, Australia;Aru Islands, West Papau, Indonesia",-9.875438419,134.378957,17,5,7,1,NA,PAC,6;7,0.051487213,2.300501034,-0.172358915,2.345355245,1454.252154
METACHMY_BH,NES,Island,"Merir Island, Palau",4.313,132.314,73,1,NA,2,PAC,8,METACHMY_DL,FEE,Insular,"Tiwi & Cobourg;Blue Mud Bay, Gulf of Carpentaria, Australia;Aru Islands, West Papau, Indonesia",-9.875438419,134.378957,17,5,7,1,NA,PAC,6;7,0.075276051,2.309314946,-0.172358915,2.345355245,1594.179583
METACHMY_BB,NES,Island,Bioko Island,3.235,8.5265,11,1,NA,3,ATL,2,METACHMY_DM,FEE,Coastal,"Accra, Ghana;Ghana",5.474333333,0.20766608,8,1,2,1,1,ATL,1;2,0.056461401,0.148815499,0.095545141,0.003624457,955.2997937
METACHMY_BQ,NES,Island,"Joao Vieira & Poilao National Marine Park, Bijagos Archipelago, Guinea-Bissau;Poilao Island, Bijagos;Bijagos archipelago, West Africa",10.76099998,-15.5103332,35,1,NA,4,ATL,2,METACHMY_DM,FEE,Coastal,"Accra, Ghana;Ghana",5.474333333,0.20766608,8,1,2,1,1,ATL,1;2,0.18781488,-0.270706382,0.095545141,0.003624457,1826.662868
METACHMY_EA,FEE,Coastal,Benin-Nigeria;South west Nigeria,6.2215,3.2175,6,1,1,NA,ATL,2,METACHMY_DM,FEE,Coastal,"Accra, Ghana;Ghana",5.474333333,0.20766608,8,1,2,1,1,ATL,1;2,0.108585659,0.056155969,0.095545141,0.003624457,343.1433145
METACHMY_AY,NES,Island,"Lacepede Is;West & Lacepede Islands, Western Australia",-16.85,122.1173333,11,1,NA,6,IND,6,METACHMY_DN,FEE,Coastal,"Numbulwar, Gulf of Carpentaria, Australia;Gulf of Carpentaria",-14.5025,135.9185,6,1,3,1,NA,PAC,6;7,-0.294087979,2.13134954,-0.253116375,2.372225339,1500.033918
METACHMY_BA,NES,Island,Scott Reef,-14.06,121.78,15,1,NA,4,IND,6,METACHMY_DN,FEE,Coastal,"Numbulwar, Gulf of Carpentaria, Australia;Gulf of Carpentaria",-14.5025,135.9185,6,1,3,1,NA,PAC,6;7,-0.245393293,2.125461963,-0.253116375,2.372225339,1524.098539
METACHMY_BE,NES,Continental,"Djulpan, Gulf of Carpentaria, Australia",-12.583,136.733,20,1,NA,5,PAC,7,METACHMY_DN,FEE,Coastal,"Numbulwar, Gulf of Carpentaria, Australia;Gulf of Carpentaria",-14.5025,135.9185,6,1,3,1,NA,PAC,6;7,-0.21961478,2.386441046,-0.253116375,2.372225339,230.8852892
METACHMY_BJ,NES,Island,"Gielop Island, Ulithi Atoll, Yap State, Federated States of Micronesia;Gielop Island, Ilithi Atoll, Yap State, Micronesia",9.955,139.7865,14,1,NA,8,PAC,8,METACHMY_DP,FEE,Coastal,"Sibu Islands, Sibu Archipelago, Malaysia;South east Malaysia;Pemanggil Island, Malaysia",2.147667383,104.2840001,4,1,3,1,NA,PAC,6,0.173747527,2.439734675,0.037483867,1.820099159,4016.747749
METACHMY_BO,NES,Continental,"Terengganu, Malaysia;Chagar Hutang beach, Pulau Redang, Malaysia;Chagar Hutang beach, Redang Island, Malaysia;Ma'Daerah Turtle Sanctuary, Paka, Terengganu, Malaysia;Ma'Daerah Turtle Sanctuary;Paka, Terengganu, Malaysia",5.023852832,103.2935716,13,1,NA,8,PAC,6,METACHMY_DP,FEE,Coastal,"Sibu Islands, Sibu Archipelago, Malaysia;South east Malaysia;Pemanggil Island, Malaysia",2.147667383,104.2840001,4,1,3,1,NA,PAC,6,0.087682773,1.802812921,0.037483867,1.820099159,338.1742221
METACHMY_BY,NES,Continental,Bangkok,12.364,100.86,6,1,NA,2,PAC,6,METACHMY_DP,FEE,Coastal,"Sibu Islands, Sibu Archipelago, Malaysia;South east Malaysia;Pemanggil Island, Malaysia",2.147667383,104.2840001,4,1,3,1,NA,PAC,6,0.215792509,1.760339084,0.037483867,1.820099159,1196.976508
METACHMY_AE,NES,Island,"Wan-an Island, Taiwan;Wan-an Island, Penghu Archipelago, Taiwan;Wan-an Island, Penghu Archipelago, Taiwan Strait;Penghu Island, Taiwan",23.27225022,119.3512509,22,1,NA,6,PAC,6,METACHMY_DQ,FEE,Coastal,"Southwest Japan;South Japan;Koshiki, Japan",32.29833415,129.6103334,5,1,1,1,2,PAC,6,0.406177391,2.083072295,0.563712274,2.262127062,1421.761644
METACHMY_EX,NA,NA,NA,33.16,126.664,NA,NA,NA,NA,NA,8,METACHMY_DQ,FEE,Coastal,"Southwest Japan;South Japan;Koshiki, Japan",32.29833415,129.6103334,5,1,1,1,2,PAC,6,0.57875118,2.210703844,0.563712274,2.262127062,341.3403239
METACHMY_EZ,OBS,Coastal,"North of Tsushima Island, Japan",35.12,130.02,1,1,NA,1,PAC,6,METACHMY_DQ,FEE,Coastal,"Southwest Japan;South Japan;Koshiki, Japan",32.29833415,129.6103334,5,1,1,1,2,PAC,6,0.612959633,2.269277093,0.563712274,2.262127062,316.0338864
METACHMY_AL,NES,Continental,"Guanacaste Peninsula, Costa Rica;Nombre de Jesus, Costa Rica;Nombre de Jesus & Zapotillal beaches, Costa Rica;Zapotillal beach, Nicoya Peninsula, Costa Rica;Nombre de Jesus beach, Nicoya Peninsula, Costa Rica;Gulf of Santa Elena, Northern Costa Rica;Gulf of Papagayo, Costa Rica",10.55189962,-85.87519997,213,1,NA,2,PAC,11,METACHMY_DT,FEE,Insular,Gulf of Panama,8.371,-78.9385,2,1,2,1,NA,PAC,11,0.184165391,-1.498804985,0.146101512,-1.377736732,798.4865253
METACHMY_AM,NES,Island,"Galapagos Islands, Ecuador",-0.5,-90.5,12,1,NA,5,PAC,11,METACHMY_DT,FEE,Insular,Gulf of Panama,8.371,-78.9385,2,1,2,1,NA,PAC,11,-0.008726646,-1.579522973,0.146101512,-1.377736732,1616.964255
METACHMY_AK,NES,Island,"Alagadi beach, Cyprus;Alagadi & Esentepe, Cyprus;Alagadi, Cyprus;Alagadi & Esentape beachs, Cyprus;Alagadi, North Cyprus;Karpaz Peninsula, Cyprus;South Cyprus;Kurtulus, Turkey",35.44489789,33.66959978,82,1,NA,6,ATL,3,METACHMY_DU,FEE,Coastal,"Gulf of Arab;Gulf of Arab, Egypt",31.048,29.206,2,1,1,1,NA,ATL,1,0.618630171,0.587645374,0.541889826,0.509740861,641.1832229
METACHMY_AW,NES,Island,"Rosemary Is, Legendre Is, Middle Is, Barrow Is, Montebello Is;",-20.501,116.093,36,1,NA,6,IND,6,METACHMY_DV,FEE,Insular,North west Australia,-19.087,116.311,40,5,4,1,NA,IND,6,-0.35780995,2.026205089,-0.333130994,2.030009906,158.8752216
METACHMY_AY,NES,Island,"Lacepede Is;West & Lacepede Islands, Western Australia",-16.85,122.1173333,11,1,NA,6,IND,6,METACHMY_DV,FEE,Insular,North west Australia,-19.087,116.311,40,5,4,1,NA,IND,6,-0.294087979,2.13134954,-0.333130994,2.030009906,662.5353772
METACHMY_AZ,NES,Island,Maret Is,-14.483,125.097,21,1,NA,6,IND,6,METACHMY_DV,FEE,Insular,North west Australia,-19.087,116.311,40,5,4,1,NA,IND,6,-0.252776036,2.183354534,-0.333130994,2.030009906,1065.923779
METACHMY_BA,NES,Island,Scott Reef,-14.06,121.78,15,1,NA,4,IND,6,METACHMY_DV,FEE,Insular,North west Australia,-19.087,116.311,40,5,4,1,NA,IND,6,-0.245393293,2.125461963,-0.333130994,2.030009906,807.3935161
METACHMY_BF,NES,Island,"Europa Island, southern Mozambique Channel;Europa;Southeast of Europa Is",-22.4207499,40.5989961,19,1,NA,1,IND,5,METACHMY_DW,OBS,Insular,West of Madagascar;Southeast of Europa Is,-22.8025,42.7235,3,1,1,1,NA,IND,5,-0.391315907,0.708586155,-0.397978703,0.745665743,222.1657942
METACHMY_BB,NES,Island,Bioko Island,3.235,8.5265,11,1,NA,3,ATL,2,METACHMY_EA,FEE,Coastal,Benin-Nigeria;South west Nigeria,6.2215,3.2175,6,1,1,1,NA,ATL,1;2,0.056461401,0.148815499,0.108585659,0.056155969,675.517608
METACHMY_BD,NES,Island,"Rose Atoll, American Samoa;Rose Atoll National Wildlife Refuge, American Samoa",-14.544,-168.1543333,8,1,NA,4,PAC,10,METACHMY_EB,OBS,Insular,"Lau Group, Fiji",-18.8905,-179.3605,1,1,1,1,NA,PAC,10,-0.253840686,-2.934846768,-0.329701422,-3.130431273,1287.073063
METACHMY_BD,NES,Island,"Rose Atoll, American Samoa;Rose Atoll National Wildlife Refuge, American Samoa",-14.544,-168.1543333,8,1,NA,4,PAC,10,METACHMY_EC,FEE,Insular,"Vanua Levu, Fiji;Taveuni, Fiji",-16.57833302,179.8416688,4,1,1,1,NA,PAC,10,-0.253840686,-2.934846768,-0.289346496,3.138829253,1305.352772
METACHMY_BE,NES,Continental,"Djulpan, Gulf of Carpentaria, Australia",-12.583,136.733,20,1,NA,5,PAC,7,METACHMY_ED,OBS,Coastal,"Umbakmba, Groote Eylandt, Gulf of Carpentaria",-13.86,136.81,1,1,1,1,NA,PAC,6;7,-0.21961478,2.386441046,-0.241902634,2.38778495,142.2403301
METACHMY_BJ,NES,Island,"Gielop Island, Ulithi Atoll, Yap State, Federated States of Micronesia;Gielop Island, Ilithi Atoll, Yap State, Micronesia",9.955,139.7865,14,1,NA,8,PAC,8,METACHMY_EE,FEE,Insular,"Dumaran Island, Palawan, west Philippines;Palawan, Philippines",10.623,119.48,2,1,2,1,NA,PAC,6,0.173747527,2.439734675,0.185406326,2.08531939,2222.522186
METACHMY_BR,NES,Island,"Loj, Erikub Atoll, Marshall Islands;Erikub Atoll, Marshall Islands",9.145,169.99,10,1,NA,5,PAC,8,METACHMY_EE,FEE,Insular,"Dumaran Island, Palawan, west Philippines;Palawan, Philippines",10.623,119.48,2,1,2,1,NA,PAC,6,0.15961036,2.966885195,0.185406326,2.08531939,5529.656909
METACHMY_AE,NES,Island,"Wan-an Island, Taiwan;Wan-an Island, Penghu Archipelago, Taiwan;Wan-an Island, Penghu Archipelago, Taiwan Strait;Penghu Island, Taiwan",23.27225022,119.3512509,22,1,NA,6,PAC,6,METACHMY_EF,FEE,Insular,"Pratas Islands;Dongsha Atoll, Taiwan",20.516,116.7915,4,1,2,1,1,PAC,6,0.406177391,2.083072295,0.358071749,2.038396213,404.5478741
METACHMY_AJ,NES,Island,"Sham Wan, Lamma Island, Hong Kong;Hong Kong;Dangan Liedao & Po Toi, China",22.17625001,114.18,30,1,NA,6,PAC,6,METACHMY_EF,FEE,Insular,"Pratas Islands;Dongsha Atoll, Taiwan",20.516,116.7915,4,1,2,1,1,PAC,6,0.387048578,1.99281694,0.358071749,2.038396213,327.4497727
METACHMY_HB,OBS,Coastal,"Shanwei, China",22.505,116.031,6,1,1,NA,PAC,6,METACHMY_EF,FEE,Insular,"Pratas Islands;Dongsha Atoll, Taiwan",20.516,116.7915,4,1,2,1,1,PAC,6,0.392786348,2.025122984,0.358071749,2.038396213,234.7410782
METACHMY_AB,NES,Island,"Rekawa Sanctuary, Tangalle Bay, Sri Lanka;Waters near Rekawa Sanctuary;Habbaraduwa;Bundala;Ussangoda;Southern Sri Lankan waters",6.040571433,80.82785771,24,1,NA,3,IND,4,METACHMY_EG,FEE,Coastal,Gulf of Mannar,9.117,79.255,4,1,1,1,NA,IND,4,0.10542786,1.410712244,0.159121668,1.383260699,383.4958698
METACHMY_AB,NES,Island,"Rekawa Sanctuary, Tangalle Bay, Sri Lanka;Waters near Rekawa Sanctuary;Habbaraduwa;Bundala;Ussangoda;Southern Sri Lankan waters",6.040571433,80.82785771,24,1,NA,3,IND,4,METACHMY_EH,FEE,Coastal,"Karnataka, India",14.009,74.481,2,1,1,1,NA,IND,4,0.10542786,1.410712244,0.244503175,1.29993868,1125.695277
METACHMY_AB,NES,Island,"Rekawa Sanctuary, Tangalle Bay, Sri Lanka;Waters near Rekawa Sanctuary;Habbaraduwa;Bundala;Ussangoda;Southern Sri Lankan waters",6.040571433,80.82785771,24,1,NA,3,IND,4,METACHMY_EI,FEE,Insular,Lakshadweep Islands,8.287,73.063,1,1,1,1,NA,IND,4;5,0.10542786,1.410712244,0.144635435,1.275189911,892.2824425
METACHMY_AD,NES,Island,"Taipin Tao, Nansha Archipelago, South China Sea",10.377,114.366,6,1,NA,2,PAC,6,METACHMY_EJ,FEE,Insular,"Northeast coast of Luzon, Philippines",17.485,122.391,1,1,1,1,NA,PAC,6;8,0.181112816,1.996063252,0.30517082,2.136125925,1172.004482
METACHMY_AG,NES,Island,"Long Beach, Georgetown, Ascension Island;Ascension Island;Long Beach, Ascension Island;Deadman's Beach, Ascension Island;English Bay, Ascension Island;Pan Am Beach, Ascension Island;Payne Point, Ascension Island;Long beach, Ascention Island",-7.925833333,-14.40375,63,1,NA,3,ATL,2,METACHMY_EK,OBS,Insular,East off Ascension Island,-9,-18,1,5,1,1,NA,ATL,1;2,-0.138331888,-0.251392862,-0.157079633,-0.314159265,413.1643388
METACHMY_AI,NES,Island,"Gibbs Cay, Turks & Caicos Islands;Waters of Turks & Caicos Islands;North of East Caicos, Turks & Caicos Islands",21.67500021,-71.37500021,24,1,NA,2,ATL,1,METACHMY_EN,FEE,Insular,"St. Croix, USVI",17.7,-64.7,1,1,1,1,NA,ATL,1,0.378300119,-1.245728757,0.308923278,-1.129228026,826.6833137
METACHMY_DR,FEE,NA,NA,5.883,-162.08,,NA,NA,NA,NA,0,METACHMY_EO,OBS,Insular,Kiritimati Island,1.948,-157.503,1,1,NA,1,1,PAC,10,0.10267772,-2.828829652,0.033999014,-2.748945932,671.1712674
METACHMY_DR,NA,NA,NA,5.883,-162.08,NA,NA,NA,NA,NA,0,METACHMY_EP,OBS,Insular,Kosrae,5.35,162.917,1,1,NA,1,1,PAC,8,0.10267772,3.454355656,0.093375115,2.843438057,3892.607228
METACHMY_DR,NA,NA,NA,5.883,-162.08,NA,NA,NA,NA,NA,0,METACHMY_EQ,OBS,Feeding-Pelagic,East off Palmyra Atoll,8.487,-147.602,1,5,NA,1,1,PAC,0,0.10267772,-2.828829652,0.148126094,-2.576140883,1635.71214
METACHMY_CM,NA,NA,NA,20.966,-156.697,NA,NA,NA,NA,NA,9,METACHMY_ER,FEE,Insular,South tip of Hawaii,18.893,-155.748,1,1,NA,1,1,PAC,9,0.365925731,-2.734878578,0.329745056,-2.718315403,253.5129702
METACHMY_ER,FEE,Insular,South tip of Hawaii,18.893,-155.748,1,1,NA,1,PAC,9,METACHMY_ES,OBS,Insular,Southwest of Hawaii,18.1,-160.2,1,1,NA,1,1,PAC,9,0.329745056,-2.718315403,0.315904595,-2.796017462,477.6601388
METACHMY_AM,NES,Island,"Galapagos Islands, Ecuador",-0.5,-90.5,12,1,NA,5,PAC,11,METACHMY_ET,OBS,Insular,"Central Pacific, Southwest off Galapagos",-4,-102,3,1,1,1,NA,PAC,11,-0.008726646,-1.579522973,-0.06981317,-1.780235837,1335.516295
METACHMY_AM,NES,Island,"Galapagos Islands, Ecuador",-0.5,-90.5,12,1,NA,5,PAC,11,METACHMY_EU,OBS,Insular,South of Galapagos,-3,-92,1,1,1,1,NA,PAC,11,-0.008726646,-1.579522973,-0.052359878,-1.605702912,324.139293
METACHMY_AM,NES,Island,"Galapagos Islands, Ecuador",-0.5,-90.5,12,1,NA,5,PAC,11,METACHMY_EV,OBS,Insular,"South Pacific, West off Peru",-10,-94,3,1,1,1,NA,PAC,11,-0.008726646,-1.579522973,-0.174532925,-1.640609497,1125.042408
METACHMY_AV,NES,Continental,"Tortuguero, Costa Rica;Costa Rica;Waters around Tortuguero, Costa Rica",10.25399986,-83.23399996,47338,1,NA,13,ATL,1,METACHMY_EW,OBS,Insular,Grenada,12.12,-61.75,1,1,1,1,NA,ATL,1,0.178966059,-1.452707349,0.211533905,-1.077740813,2352.050554
METACHMY_EX,NA,NA,NA,33.16,126.664,NA,NA,NA,NA,NA,6,METACHMY_EY,OBS,Coastal,"East of Nantong, China",32.99,122.204,1,1,NA,1,1,PAC,6,0.57875118,2.210703844,0.57578412,2.132862159,496.2895044
METACHMY_EX,NA,NA,NA,33.16,126.664,NA,NA,NA,NA,NA,6,METACHMY_EZ,OBS,Coastal,"North of Tsushima Island, Japan",35.12,130.02,1,1,NA,1,1,PAC,6,0.57875118,2.210703844,0.612959633,2.269277093,432.1512647
METACHMY_AW,NES,Island,"Rosemary Is, Legendre Is, Middle Is, Barrow Is, Montebello Is;",-20.501,116.093,36,1,NA,6,IND,6,METACHMY_FA,FEE,Coastal,Shark Bay,-25.655,113.402,4,1,2,1,NA,IND,6,-0.35780995,2.026205089,-0.44776422,1.979238278,635.7197302
METACHMY_AX,NES,Continental,Muiron Is & Ningaloo;Nigaloo coast,-21.887,113.984,94,1,NA,1,IND,6,METACHMY_FA,FEE,Coastal,Shark Bay,-25.655,113.402,4,1,2,1,NA,IND,6,-0.382000213,1.989396095,-0.44776422,1.979238278,423.1452999
METACHMY_AW,NES,Island,"Rosemary Is, Legendre Is, Middle Is, Barrow Is, Montebello Is;",-20.501,116.093,36,1,NA,6,IND,6,METACHMY_FB,FEE,Coastal,Roebuck Bay,-18.151,122.025,3,1,2,1,NA,IND,6,-0.35780995,2.026205089,-0.316794713,2.12973802,674.9822901
METACHMY_AZ,NES,Island,Maret Is,-14.483,125.097,21,1,NA,6,IND,6,METACHMY_FB,FEE,Coastal,Roebuck Bay,-18.151,122.025,3,1,2,1,NA,IND,6,-0.252776036,2.183354534,-0.316794713,2.12973802,523.2379897
METACHMY_AZ,NES,Island,Maret Is,-14.483,125.097,21,1,NA,6,IND,6,METACHMY_FC,FEE,Coastal,Bougainville,-13.855,126.227,6,1,2,1,NA,IND,6,-0.252776036,2.183354534,-0.241815368,2.203076755,140.4210659
METACHMY_BA,NES,Island,Scott Reef,-14.06,121.78,15,1,NA,4,IND,6,METACHMY_FC,FEE,Coastal,Bougainville,-13.855,126.227,6,1,2,1,NA,IND,6,-0.245393293,2.125461963,-0.241815368,2.203076755,480.4179376
METACHMY_AY,NES,Island,"Lacepede Is;West & Lacepede Islands, Western Australia",-16.85,122.1173333,11,1,NA,6,IND,6,METACHMY_FD,FEE,Coastal,Joseph Bonaparte Gulf,-14.217,129.203,1,1,1,1,NA,IND,6,-0.294087979,2.13134954,-0.24813346,2.255017753,813.5052896
METACHMY_AW,NES,Island,"Rosemary Is, Legendre Is, Middle Is, Barrow Is, Montebello Is;",-20.501,116.093,36,1,NA,6,IND,6,METACHMY_FE,FEE,Insular,Sumba,-9.657,120.631,1,1,1,1,NA,IND,6,-0.35780995,2.026205089,-0.168546446,2.10540813,1300.179677
METACHMY_BB,NES,Island,Bioko Island,3.235,8.5265,11,1,NA,3,ATL,2,METACHMY_FG,FEE,Coastal,Gabon,-2.595,8.927,2,5,1,1,NA,ATL,1;2,0.056461401,0.148815499,-0.045291294,0.155805542,649.7929052
METACHMY_FG,FEE,Coastal,Gabon,-2.595,8.927,2,5,1,NA,ATL,2,METACHMY_FH,FEE,Coastal,Angola,-12.1,13.272,2,1,NA,1,1,ATL,2,-0.045291294,0.155805542,-0.211184839,0.231640098,1160.218727
METACHMY_DE,NA,NA,NA,39.333,141.933,NA,NA,NA,NA,NA,6,METACHMY_FI,FEE,Coastal,"South of Otsuchi Bay, Japan",38.105,141.106,12,1,NA,1,1,PAC,6,0.686490355,2.477198167,0.665057711,2.462764294,164.6253224
METACHMY_BE,NES,Continental,"Djulpan, Gulf of Carpentaria, Australia",-12.583,136.733,20,1,NA,5,PAC,7,METACHMY_FJ,FEE,Coastal,"Edward Pellow Islands, Gulf of Carpentaria, Australia",-15.6,136.8,13,1,1,1,NA,PAC,6;7,-0.21961478,2.386441046,-0.272271363,2.387610417,335.5528832
METACHMY_BE,NES,Continental,"Djulpan, Gulf of Carpentaria, Australia",-12.583,136.733,20,1,NA,5,PAC,7,METACHMY_FK,FEE,Coastal,"Bentinck Island, Gulf of Carpentaria, Australia",-17.22,139.45,1,1,1,1,NA,PAC,6;7,-0.21961478,2.386441046,-0.300545697,2.433861642,592.4825233
METACHMY_FM,FEE,Coastal,"Santa Catarina, Brazil",-28.405,-48.629,2,1,NA,1,ATL,2,METACHMY_FL,FEE,Coastal,"Cerro Verde e Islas de La Coronilla, Uruguay",-34.237,-53.487,3,1,NA,1,1,ATL,2,-0.495760774,-0.848736162,-0.597548376,-0.933524257,795.6525134
METACHMY_FL,FEE,Coastal,"Cerro Verde e Islas de La Coronilla, Uruguay",-34.237,-53.487,3,1,NA,1,ATL,2,METACHMY_FM,FEE,Coastal,"Santa Catarina, Brazil",-28.405,-48.629,2,1,NA,1,1,ATL,2,-0.597548376,-0.933524257,-0.495760774,-0.848736162,795.6525134
METACHMY_FL,FEE,Coastal,"Cerro Verde e Islas de La Coronilla, Uruguay",-34.237,-53.487,3,1,NA,1,ATL,2,METACHMY_FN,OBS,Coastal,Rio de la Plata,-36.54,-56.335,1,1,NA,1,1,ATL,2,-0.597548376,-0.933524257,-0.637743309,-0.983231234,363.5995391
METACHMY_BG,NES,Island,"Helen Island, Palau",2.95,131.809,237,1,NA,3,PAC,8,METACHMY_FO,OBS,Insular,"Likopang, Sulawesi, Indonesia",1.708,125.079,1,1,1,1,NA,PAC,6;8,0.051487213,2.300501034,0.029810224,2.183040375,760.355438
METACHMY_BG,NES,Island,"Helen Island, Palau",2.95,131.809,237,1,NA,3,PAC,8,METACHMY_FP,OBS,Insular,"West of Helen Island, Papau",2.913,130.363,1,1,1,1,NA,PAC,8,0.051487213,2.300501034,0.050841441,2.275263573,160.6301388
METACHMY_AE,NES,Island,"Wan-an Island, Taiwan;Wan-an Island, Penghu Archipelago, Taiwan;Wan-an Island, Penghu Archipelago, Taiwan Strait;Penghu Island, Taiwan",23.27225022,119.3512509,22,1,NA,6,PAC,6,METACHMY_FQ,FEE,Coastal,"Qinpend Dao, Mainland China",23.217,117.267,1,1,1,1,NA,PAC,6,0.406177391,2.083072295,0.405213092,2.046695254,213.0326722
METACHMY_BP,NES,Island,"Chagos Archipelago;Diego Garcia Island, Chagos Archipelago;Great Chagos Bank",-6.731663811,72.30100041,12,1,NA,5,IND,5,METACHMY_FR,OBS,Insular,Saya de Malha North,-9.548,61.754,2,1,1,1,NA,IND,5,-0.117489698,1.26189051,-0.166644037,1.077810626,1202.301477
METACHMY_BP,NES,Island,"Chagos Archipelago;Diego Garcia Island, Chagos Archipelago;Great Chagos Bank",-6.731663811,72.30100041,12,1,NA,5,IND,5,METACHMY_FS,OBS,Insular,Saya de Malha South,-17.417,59.659,1,1,1,1,NA,IND,5,-0.117489698,1.26189051,-0.303983996,1.041245978,1815.140904
METACHMY_AG,NES,Island,"Long Beach, Georgetown, Ascension Island;Ascension Island;Long Beach, Ascension Island;Deadman's Beach, Ascension Island;English Bay, Ascension Island;Pan Am Beach, Ascension Island;Payne Point, Ascension Island;Long beach, Ascention Island",-7.925833333,-14.40375,63,1,NA,3,ATL,2,METACHMY_FT,OBS,Insular,Mid-Atlantic,-9,-25,2,5,1,1,NA,ATL,1;2,-0.138331888,-0.251392862,-0.157079633,-0.436332313,1171.470352
METACHMY_BP,NES,Island,"Chagos Archipelago;Diego Garcia Island, Chagos Archipelago;Great Chagos Bank",-6.731663811,72.30100041,12,1,NA,5,IND,5,METACHMY_FW,FEE,Coastal,Somalia,4.905,48.596,2,1,1,1,NA,IND,5,-0.117489698,1.26189051,0.0856084,0.848160203,2931.952611
METACHMY_BP,NES,Island,"Chagos Archipelago;Diego Garcia Island, Chagos Archipelago;Great Chagos Bank",-6.731663811,72.30100041,12,1,NA,5,IND,5,METACHMY_FX,FEE,Insular,"Amirantes Islands, Seychelles",-4.69,55.49,4,1,1,1,NA,IND,5,-0.117489698,1.26189051,-0.081855942,0.968483202,1873.656576
METACHMY_BP,NES,Island,"Chagos Archipelago;Diego Garcia Island, Chagos Archipelago;Great Chagos Bank",-6.731663811,72.30100041,12,1,NA,5,IND,5,METACHMY_FY,FEE,Insular,Maldives,-0.676,73.169,1,1,1,1,NA,IND,5,-0.117489698,1.26189051,-0.011798426,1.27703996,680.2061512
METACHMY_BO,NES,Continental,"Terengganu, Malaysia;Chagar Hutang beach, Pulau Redang, Malaysia;Chagar Hutang beach, Redang Island, Malaysia;Ma'Daerah Turtle Sanctuary, Paka, Terengganu, Malaysia;Ma'Daerah Turtle Sanctuary;Paka, Terengganu, Malaysia",5.023852832,103.2935716,13,1,NA,8,PAC,6,METACHMY_FZ,FEE,Insular,"North Natuna Archipelago, Indonesia",3.444,107.896,1,1,1,1,NA,PAC,6,0.087682773,1.802812921,0.060109139,1.88314045,539.7411965
METACHMY_BJ,NES,Island,"Gielop Island, Ulithi Atoll, Yap State, Federated States of Micronesia;Gielop Island, Ilithi Atoll, Yap State, Micronesia",9.955,139.7865,14,1,NA,8,PAC,8,METACHMY_GA,FEE,Insular,"Sulu Archipelago, Soutwest Philippines",5.84,120.985,4,1,1,1,NA,PAC,6,0.173747527,2.439734675,0.101927228,2.111586596,2120.118796
METACHMY_BJ,NES,Island,"Gielop Island, Ulithi Atoll, Yap State, Federated States of Micronesia;Gielop Island, Ilithi Atoll, Yap State, Micronesia",9.955,139.7865,14,1,NA,8,PAC,8,METACHMY_GB,FEE,Insular,"Lingayen Gulf, Luzon, Northwest Philippines",16.244,120.205,1,1,1,1,NA,PAC,6,0.173747527,2.439734675,0.283511284,2.097973027,2231.339579
METACHMY_BJ,NES,Island,"Gielop Island, Ulithi Atoll, Yap State, Federated States of Micronesia;Gielop Island, Ilithi Atoll, Yap State, Micronesia",9.955,139.7865,14,1,NA,8,PAC,8,METACHMY_GC,FEE,Insular,"Poneas Island, Surigao del Norte, Southeast Philippines",9.922,125.928,1,1,1,1,NA,PAC,6;8,0.173747527,2.439734675,0.173171568,2.19785822,1517.763637
METACHMY_BJ,NES,Island,"Gielop Island, Ulithi Atoll, Yap State, Federated States of Micronesia;Gielop Island, Ilithi Atoll, Yap State, Micronesia",9.955,139.7865,14,1,NA,8,PAC,8,METACHMY_GD,FEE,Insular,"Palimbang, Sultan Kudarat, Southwest Philippines",6.265,123.967,1,1,1,1,NA,PAC,6;8,0.173747527,2.439734675,0.109344878,2.163632314,1788.720954
METACHMY_BR,NES,Island,"Loj, Erikub Atoll, Marshall Islands;Erikub Atoll, Marshall Islands",9.145,169.99,10,1,NA,5,PAC,8,METACHMY_GE,FEE,Insular,"Tarawa, Kiribati",1.5,173,1,1,1,1,NA,PAC,8,0.15961036,2.966885195,0.026179939,3.019419606,912.9805649
METACHMY_BR,NES,Island,"Loj, Erikub Atoll, Marshall Islands;Erikub Atoll, Marshall Islands",9.145,169.99,10,1,NA,5,PAC,8,METACHMY_GF,FEE,Insular,"Bikini, Marshall Islands",11.5,165.4,1,1,1,1,NA,PAC,8,0.15961036,2.966885195,0.200712864,2.886774583,566.2666631
METACHMY_BR,NES,Island,"Loj, Erikub Atoll, Marshall Islands;Erikub Atoll, Marshall Islands",9.145,169.99,10,1,NA,5,PAC,8,METACHMY_GG,FEE,Insular,"South of Pohnpei, Micronesia",5.8,158.3,1,1,1,1,NA,PAC,8,0.15961036,2.966885195,0.101229097,2.762856206,1341.205225
METACHMY_BR,NES,Island,"Loj, Erikub Atoll, Marshall Islands;Erikub Atoll, Marshall Islands",9.145,169.99,10,1,NA,5,PAC,8,METACHMY_GH,OBS,Insular,East off Marshall Islands,6.6,179.2,1,1,1,1,NA,PAC,8,0.15961036,2.966885195,0.115191731,3.12763002,1053.080715
METACHMY_BS,NES,Island,"Vamizi Island, Querimbas archipelago, northern Mozambique;Mozambique",-11.26666534,40.63966667,56,1,NA,4,IND,5,METACHMY_GI,FEE,Coastal,"Watamu National Park, Kenya",-3.407,39.991,1,1,1,1,NA,IND,5,-0.196640406,0.70929599,-0.059463368,0.697974621,876.8730971
METACHMY_BS,NES,Island,"Vamizi Island, Querimbas archipelago, northern Mozambique;Mozambique",-11.26666534,40.63966667,56,1,NA,4,IND,5,METACHMY_GJ,FEE,Coastal,"Rufiji, Mafia, Kilwa Marine Protected Areas, Tanzania",-8.258,39.441,1,1,1,1,NA,IND,5,-0.196640406,0.70929599,-0.14412929,0.68837531,359.40582
METACHMY_BS,NES,Island,"Vamizi Island, Querimbas archipelago, northern Mozambique;Mozambique",-11.26666534,40.63966667,56,1,NA,4,IND,5,METACHMY_GK,FEE,Insular,"Mitsio archipelago, Madagascar",-12.941,48.581,1,1,1,1,NA,IND,5,-0.196640406,0.70929599,-0.225863059,0.847898404,883.1862655
METACHMY_BS,NES,Island,"Vamizi Island, Querimbas archipelago, northern Mozambique;Mozambique",-11.26666534,40.63966667,56,1,NA,4,IND,5,METACHMY_GL,FEE,Coastal,"Kiunga National Reserve, Kenya",-2.007,41.232,1,1,1,1,NA,IND,5,-0.196640406,0.70929599,-0.035028758,0.719634157,1031.699522
METACHMY_BD,NES,Island,"Rose Atoll, American Samoa;Rose Atoll National Wildlife Refuge, American Samoa",-14.544,-168.1543333,8,1,NA,4,PAC,10,METACHMY_GM,OBS,Insular,"Raiatea, French Polynesia",-16.803,-151.396,1,1,1,1,NA,PAC,10,-0.253840686,-2.934846768,-0.293267674,-2.642358674,1811.042914
METACHMY_BD,NES,Island,"Rose Atoll, American Samoa;Rose Atoll National Wildlife Refuge, American Samoa",-14.544,-168.1543333,8,1,NA,4,PAC,10,METACHMY_GN,FEE,Insular,"Viti Levu, Fiji",-17.69,178.641,1,1,1,1,NA,PAC,10,-0.253840686,-2.934846768,-0.308748745,3.117873629,1452.863126
METACHMY_BV,NES,Island,"St. Joseph Island, Amirantes group, Seychelle;Desroches atoll, Seychelles;Amirantes group, Seychelles",-5.639666748,53.39133325,7,1,NA,1,IND,5,METACHMY_GO,FEE,Insular,"Aldabra atoll, Seychelles",-9.416,46.331,1,1,1,1,NA,IND,5,-0.098430753,0.931854557,-0.164340202,0.808628496,884.2179218
METACHMY_CH,FEE,Coastal,"Brazilian bulge;Shores of Ceara & Paraiba States, Brazil;Brazil;Easternmost part of Brazilian bulge;Coastal Natal & Recife, Brazil;East of Brazilian Bulge;Brazilian coast;East Brazil;Coast of Ceara, Brazil;East of Brazil;Almofala waters, Ceara, Brazil;Atol das Rocas, offshore Brazil;Coast between Piaui & Ceara, Brazil;Southeast Brazilian coast;Fernando de Noronha",-5.215614447,-36.1234621,46,10,4,1,ATL,1,METACHMY_GQ,FEE,Insular,"Sao Luis, Brazil coast",-2.5,-44,1,1,NA,1,1,ATL,1;2,-0.091029645,-0.630473351,-0.043633231,-0.767944871,924.4667049
METACHMY_BO,NES,Continental,"Terengganu, Malaysia;Chagar Hutang beach, Pulau Redang, Malaysia;Chagar Hutang beach, Redang Island, Malaysia;Ma'Daerah Turtle Sanctuary, Paka, Terengganu, Malaysia;Ma'Daerah Turtle Sanctuary;Paka, Terengganu, Malaysia",5.023852832,103.2935716,13,1,NA,8,PAC,6,METACHMY_GT,FEE,Insular,"Centraleast coast of Bangka Island, Indonesia",-2.102,106.247,1,1,1,1,NA,PAC,6,0.087682773,1.802812921,-0.036686821,1.85435997,857.597569
METACHMY_BO,NES,Continental,"Terengganu, Malaysia;Chagar Hutang beach, Pulau Redang, Malaysia;Chagar Hutang beach, Redang Island, Malaysia;Ma'Daerah Turtle Sanctuary, Paka, Terengganu, Malaysia;Ma'Daerah Turtle Sanctuary;Paka, Terengganu, Malaysia",5.023852832,103.2935716,13,1,NA,8,PAC,6,METACHMY_GU,OBS,Insular,"Anambas Islands, Indonesia",2.899,105.831,1,1,1,1,NA,PAC,6,0.087682773,1.802812921,0.050597095,1.847099401,367.4830504
METACHMY_BQ,NES,Island,"Joao Vieira & Poilao National Marine Park, Bijagos Archipelago, Guinea-Bissau;Poilao Island, Bijagos;Bijagos archipelago, West Africa",10.76099998,-15.5103332,35,1,NA,4,ATL,1,METACHMY_GV,FEE,Coastal,The Gambia & Senegal,13.655,-16.85,5,1,1,1,NA,ATL,1;2,0.18781488,-0.270706382,0.238324709,-0.294087979,353.1952801
METACHMY_BQ,NES,Island,"Joao Vieira & Poilao National Marine Park, Bijagos Archipelago, Guinea-Bissau;Poilao Island, Bijagos;Bijagos archipelago, West Africa",10.76099998,-15.5103332,35,1,NA,4,ATL,2,METACHMY_GW,FEE,Coastal,"Banc d'Arguin, Mauritiania",20.058,-16.537,12,1,1,1,NA,ATL,1,0.18781488,-0.270706382,0.350078141,-0.288625098,1039.605311
METACHMY_CB,NES,Island,"Zabargad Island, Egypt",24,36.333,4,1,NA,4,IND,4,METACHMY_GX,FEE,Coastal,Siyal archipelago along Egyptian coast,22.811,36.162,1,1,1,1,NA,IND,4,0.41887902,0.634130477,0.398127056,0.631145964,133.3572809
METACHMY_CB,NES,Island,"Zabargad Island, Egypt",24,36.333,4,1,NA,4,IND,4,METACHMY_GY,FEE,Coastal,"Abu Ghusun, Wadi Gemal National Park, Egypt",24.457,35.215,1,1,1,1,NA,IND,4,0.41887902,0.634130477,0.426855175,0.614617696,124.2331558
METACHMY_CB,NES,Island,"Zabargad Island, Egypt",24,36.333,4,1,NA,4,IND,4,METACHMY_GZ,FEE,Insular,"Off the coast of Eritrea, Dahlak Archipelago",16.522,39.84,1,1,1,1,NA,IND,4,0.41887902,0.634130477,0.288363299,0.695339174,908.283172
METACHMY_CB,NES,Island,"Zabargad Island, Egypt",24,36.333,4,1,NA,4,IND,4,METACHMY_HA,FEE,Coastal,"Gulf of Gamsha, Egypt",27.644,33.737,1,1,1,1,NA,IND,4,0.41887902,0.634130477,0.482478818,0.58882173,481.3087318
METACHMY_AJ,NES,Island,"Sham Wan, Lamma Island, Hong Kong;Hong Kong;Dangan Liedao & Po Toi, China",22.17625001,114.18,30,1,NA,6,PAC,6,METACHMY_HB,OBS,Coastal,"Shanwei, China",22.505,116.031,6,1,1,1,NA,PAC,6,0.387048578,1.99281694,0.392786348,2.025122984,193.8492541
METACHMY_AJ,NES,Island,"Sham Wan, Lamma Island, Hong Kong;Hong Kong;Dangan Liedao & Po Toi, China",22.17625001,114.18,30,1,NA,6,PAC,6,METACHMY_HC,FEE,Insular,North west Philippines,18.6,120.702,2,1,1,1,NA,PAC,6,0.387048578,1.99281694,0.324631241,2.106647314,787.3782312
METACHMY_AJ,NES,Island,"Sham Wan, Lamma Island, Hong Kong;Hong Kong;Dangan Liedao & Po Toi, China",22.17625001,114.18,30,1,NA,6,PAC,6,METACHMY_HD,FEE,Insular,East Philippines,12.535,124.142,1,1,1,1,NA,PAC,6;8,0.387048578,1.99281694,0.218777022,2.16668664,1504.495142
METACHMY_DZ,NA,NA,NA,-21.135,55.525,NA,NA,NA,NA,NA,5,METACHMY_HE,OBS,Insular,"Chagos Archipelago, West Indian Ocean",-4.376,71.921,1,1,NA,1,1,IND,5,-0.368875337,0.969094067,-0.076375608,1.255258251,2607.024035
METACHMY_CD,NES,Island,"Tromelin Island, West Indian Ocean;Offshore Tromelin Island, West Indian Ocean",-15.721,54.665,2,1,NA,1,IND,5,METACHMY_HF,FEE,Coastal,Eastern Madagascar,-19.391,48.985,3,1,1,1,1,IND,5,-0.274383212,0.954084236,-0.338436795,0.854949534,727.291872
METACHMY_DZ,NA,NA,NA,-21.135,55.525,NA,NA,NA,NA,NA,5,METACHMY_HF,FEE,Coastal,Eastern Madagascar,-19.391,48.985,3,1,1,1,1,IND,5,-0.368875337,0.969094067,-0.338436795,0.854949534,752.6273284
METACHMY_BO,NES,Continental,"Terengganu, Malaysia;Chagar Hutang beach, Pulau Redang, Malaysia;Chagar Hutang beach, Redang Island, Malaysia;Ma'Daerah Turtle Sanctuary, Paka, Terengganu, Malaysia;Ma'Daerah Turtle Sanctuary;Paka, Terengganu, Malaysia",5.023852832,103.2935716,13,1,NA,8,PAC,6,METACHMY_HG,FEE,Coastal,"Thousand Islands, Indonesia",-5.536,106.537,1,1,1,1,NA,PAC,6,0.087682773,1.802812921,-0.096621427,1.859421425,1228.189677
